{"type": "FeatureCollection", "features": [{"type": "Feature", "geometry": {"type": "Point", "coordinates": [-70.22605, -19.93681]}, "properties": {"school_id": "CL0001", "school_name": "Escuela Villa del Sol 1", "country": "CL", "admin1": "Tarapaca", "admin2": "Tarapaca - Comuna 2", "level": "Inicial", "sector": "Publico", "enrollment": 579, "urban_rural": "Urbano", "altitude_m": 117.7, "tmax_avg_c": 24.9, "pet_avg_c": 29.2, "wbgt_avg_c": 23.8, "heat_days_30": 25, "heat_days_35": 7, "tx90p": 9.6, "wsdi": 6, "wellbeing_score": 58.1, "health_index": 70.6}}, {"type": "Feature", "geometry": {"type": "Point", "coordinates": [-69.8773, -25.0869]}, "properties": {"school_id": "CL0002", "school_name": "Escuela Los Andes 2", "country": "CL", "admin1": "Antofagasta", "admin2": "Antofagasta - Comuna 3", "level": "Inicial", "sector": "Publico", "enrollment": 126, "urban_rural": "Urbano", "altitude_m": 158.0, "tmax_avg_c": 24.9, "pet_avg_c": 27.2, "wbgt_avg_c": 22.4, "heat_days_30": 10, "heat_days_35": 1, "tx90p": 11.4, "wsdi": 0, "wellbeing_score": 57.8, "health_index": 76.9}}, {"type": "Feature", "geometry": {"type": "Point", "coordinates": [-70.23125, -30.23094]}, "properties": {"school_id": "CL0003", "school_name": "Escuela San Martin 3", "country": "CL", "admin1": "Coquimbo", "admin2": "Coquimbo - Comuna 4", "level": "Inicial", "sector": "Subvencionado", "enrollment": 159, "urban_rural": "Urbano", "altitude_m": 28.4, "tmax_avg_c": 24.9, "pet_avg_c": 28.4, "wbgt_avg_c": 22.2, "heat_days_30": 25, "heat_days_35": 2, "tx90p": 13.2, "wsdi": 5, "wellbeing_score": 52.9, "health_index": 65.3}}, {"type": "Feature", "geometry": {"type": "Point", "coordinates": [-71.84598, -32.62446]}, "properties": {"school_id": "CL0004", "school_name": "Escuela Alto del Rio 4", "country": "CL", "admin1": "Valparaiso", "admin2": "Valparaiso - Comuna 5", "level": "Primaria", "sector": "Publico", "enrollment": 174, "urban_rural": "Rural", "altitude_m": 0.0, "tmax_avg_c": 26.1, "pet_avg_c": 27.6, "wbgt_avg_c": 22.7, "heat_days_30": 39, "heat_days_35": 8, "tx90p": 13.7, "wsdi": 9, "wellbeing_score": 54.9, "health_index": 74.4}}, {"type": "Feature", "geometry": {"type": "Point", "coordinates": [-70.11345, -33.26781]}, "properties": {"school_id": "CL0005", "school_name": "Escuela Nueva Esperanza 5", "country": "CL", "admin1": "Metropolitana", "admin2": "Metropolitana - Comuna 6", "level": "Primaria", "sector": "Publico", "enrollment": 246, "urban_rural": "Urbano", "altitude_m": 462.5, "tmax_avg_c": 30.1, "pet_avg_c": 33.5, "wbgt_avg_c": 28.7, "heat_days_30": 94, "heat_days_35": 21, "tx90p": 12.1, "wsdi": 44, "wellbeing_score": 98.0, "health_index": 65.1}}, {"type": "Feature", "geometry": {"type": "Point", "coordinates": [-70.77348, -34.38925]}, "properties": {"school_id": "CL0006", "school_name": "Escuela El Bosque 6", "country": "CL", "admin1": "Ohiggins", "admin2": "Ohiggins - Comuna 7", "level": "Primaria", "sector": "Subvencionado", "enrollment": 455, "urban_rural": "Urbano", "altitude_m": 179.7, "tmax_avg_c": 31.4, "pet_avg_c": 33.8, "wbgt_avg_c": 30.2, "heat_days_30": 105, "heat_days_35": 12, "tx90p": 12.5, "wsdi": 51, "wellbeing_score": 58.6, "health_index": 75.7}}, {"type": "Feature", "geometry": {"type": "Point", "coordinates": [-71.11725, -35.37661]}, "properties": {"school_id": "CL0007", "school_name": "Escuela El Bosque 7", "country": "CL", "admin1": "Maule", "admin2": "Maule - Comuna 8", "level": "Inicial", "sector": "Publico", "enrollment": 229, "urban_rural": "Rural", "altitude_m": 15.8, "tmax_avg_c": 25.5, "pet_avg_c": 27.9, "wbgt_avg_c": 24.2, "heat_days_30": 27, "heat_days_35": 3, "tx90p": 10.5, "wsdi": 10, "wellbeing_score": 53.7, "health_index": 89.1}}, {"type": "Feature", "geometry": {"type": "Point", "coordinates": [-73.97043, -36.8402]}, "properties": {"school_id": "CL0008", "school_name": "Escuela Las Flores 8", "country": "CL", "admin1": "Biobio", "admin2": "Biobio - Comuna 9", "level": "Inicial", "sector": "Privado", "enrollment": 164, "urban_rural": "Urbano", "altitude_m": 0.0, "tmax_avg_c": 24.7, "pet_avg_c": 26.8, "wbgt_avg_c": 22.3, "heat_days_30": 14, "heat_days_35": 4, "tx90p": 13.3, "wsdi": 2, "wellbeing_score": 74.5, "health_index": 71.6}}, {"type": "Feature", "geometry": {"type": "Point", "coordinates": [-73.36102, -37.96846]}, "properties": {"school_id": "CL0009", "school_name": "Escuela Alto del Rio 9", "country": "CL", "admin1": "Araucania", "admin2": "Araucania - Comuna 10", "level": "Inicial", "sector": "Subvencionado", "enrollment": 808, "urban_rural": "Urbano", "altitude_m": 190.4, "tmax_avg_c": 24.2, "pet_avg_c": 25.8, "wbgt_avg_c": 21.7, "heat_days_30": 13, "heat_days_35": 1, "tx90p": 7.8, "wsdi": 6, "wellbeing_score": 72.4, "health_index": 77.7}}, {"type": "Feature", "geometry": {"type": "Point", "coordinates": [-73.42703, -41.68355]}, "properties": {"school_id": "CL0010", "school_name": "Escuela Los Andes 10", "country": "CL", "admin1": "Los Lagos", "admin2": "Los Lagos - Comuna 11", "level": "Secundaria", "sector": "Subvencionado", "enrollment": 357, "urban_rural": "Urbano", "altitude_m": 0.0, "tmax_avg_c": 16.9, "pet_avg_c": 18.8, "wbgt_avg_c": 13.2, "heat_days_30": 0, "heat_days_35": 0, "tx90p": 6.7, "wsdi": 3, "wellbeing_score": 71.3, "health_index": 82.4}}, {"type": "Feature", "geometry": {"type": "Point", "coordinates": [-69.95945, -20.07223]}, "properties": {"school_id": "CL0011", "school_name": "Escuela Villa del Sol 11", "country": "CL", "admin1": "Tarapaca", "admin2": "Tarapaca - Comuna 12", "level": "Inicial", "sector": "Subvencionado", "enrollment": 303, "urban_rural": "Urbano", "altitude_m": 0.0, "tmax_avg_c": 24.7, "pet_avg_c": 29.0, "wbgt_avg_c": 21.8, "heat_days_30": 0, "heat_days_35": 0, "tx90p": 8.1, "wsdi": 2, "wellbeing_score": 74.2, "health_index": 90.1}}, {"type": "Feature", "geometry": {"type": "Point", "coordinates": [-69.88271, -23.41653]}, "properties": {"school_id": "CL0012", "school_name": "Escuela Alto del Rio 12", "country": "CL", "admin1": "Antofagasta", "admin2": "Antofagasta - Comuna 1", "level": "Primaria", "sector": "Publico", "enrollment": 290, "urban_rural": "Urbano", "altitude_m": 0.0, "tmax_avg_c": 22.9, "pet_avg_c": 28.0, "wbgt_avg_c": 20.0, "heat_days_30": 0, "heat_days_35": 0, "tx90p": 19.2, "wsdi": 0, "wellbeing_score": 72.5, "health_index": 73.1}}, {"type": "Feature", "geometry": {"type": "Point", "coordinates": [-70.98464, -30.48899]}, "properties": {"school_id": "CL0013", "school_name": "Escuela El Progreso 13", "country": "CL", "admin1": "Coquimbo", "admin2": "Coquimbo - Comuna 2", "level": "Inicial", "sector": "Subvencionado", "enrollment": 386, "urban_rural": "Urbano", "altitude_m": 3.2, "tmax_avg_c": 25.9, "pet_avg_c": 29.0, "wbgt_avg_c": 22.4, "heat_days_30": 38, "heat_days_35": 4, "tx90p": 11.6, "wsdi": 14, "wellbeing_score": 72.6, "health_index": 91.1}}, {"type": "Feature", "geometry": {"type": "Point", "coordinates": [-71.99492, -32.92298]}, "properties": {"school_id": "CL0014", "school_name": "Escuela Los Alamos 14", "country": "CL", "admin1": "Valparaiso", "admin2": "Valparaiso - Comuna 3", "level": "Secundaria", "sector": "Privado", "enrollment": 277, "urban_rural": "Urbano", "altitude_m": 176.9, "tmax_avg_c": 25.2, "pet_avg_c": 29.9, "wbgt_avg_c": 21.8, "heat_days_30": 6, "heat_days_35": 1, "tx90p": 11.1, "wsdi": 4, "wellbeing_score": 71.9, "health_index": 88.6}}, {"type": "Feature", "geometry": {"type": "Point", "coordinates": [-70.29173, -32.9253]}, "properties": {"school_id": "CL0015", "school_name": "Escuela Los Andes 15", "country": "CL", "admin1": "Metropolitana", "admin2": "Metropolitana - Comuna 4", "level": "Primaria", "sector": "Publico", "enrollment": 395, "urban_rural": "Urbano", "altitude_m": 482.2, "tmax_avg_c": 28.9, "pet_avg_c": 32.6, "wbgt_avg_c": 27.1, "heat_days_30": 67, "heat_days_35": 13, "tx90p": 9.6, "wsdi": 16, "wellbeing_score": 83.7, "health_index": 75.7}}, {"type": "Feature", "geometry": {"type": "Point", "coordinates": [-71.43898, -33.86773]}, "properties": {"school_id": "CL0016", "school_name": "Escuela Santa Rosa 16", "country": "CL", "admin1": "Ohiggins", "admin2": "Ohiggins - Comuna 5", "level": "Primaria", "sector": "Privado", "enrollment": 679, "urban_rural": "Rural", "altitude_m": 636.7, "tmax_avg_c": 26.9, "pet_avg_c": 31.5, "wbgt_avg_c": 25.1, "heat_days_30": 45, "heat_days_35": 7, "tx90p": 8.7, "wsdi": 14, "wellbeing_score": 59.3, "health_index": 71.2}}, {"type": "Feature", "geometry": {"type": "Point", "coordinates": [-71.42726, -34.459]}, "properties": {"school_id": "CL0017", "school_name": "Escuela Jose Marti 17", "country": "CL", "admin1": "Maule", "admin2": "Maule - Comuna 6", "level": "Secundaria", "sector": "Privado", "enrollment": 427, "urban_rural": "Urbano", "altitude_m": 0.0, "tmax_avg_c": 27.3, "pet_avg_c": 29.8, "wbgt_avg_c": 25.2, "heat_days_30": 71, "heat_days_35": 17, "tx90p": 12.3, "wsdi": 24, "wellbeing_score": 64.8, "health_index": 66.9}}, {"type": "Feature", "geometry": {"type": "Point", "coordinates": [-73.10782, -37.54222]}, "properties": {"school_id": "CL0018", "school_name": "Escuela San Martin 18", "country": "CL", "admin1": "Biobio", "admin2": "Biobio - Comuna 7", "level": "Primaria", "sector": "Privado", "enrollment": 141, "urban_rural": "Urbano", "altitude_m": 0.0, "tmax_avg_c": 26.9, "pet_avg_c": 30.4, "wbgt_avg_c": 23.3, "heat_days_30": 25, "heat_days_35": 5, "tx90p": 10.4, "wsdi": 9, "wellbeing_score": 66.4, "health_index": 83.3}}, {"type": "Feature", "geometry": {"type": "Point", "coordinates": [-73.2708, -37.86769]}, "properties": {"school_id": "CL0019", "school_name": "Escuela San Martin 19", "country": "CL", "admin1": "Araucania", "admin2": "Araucania - Comuna 8", "level": "Secundaria", "sector": "Publico", "enrollment": 101, "urban_rural": "Rural", "altitude_m": 376.0, "tmax_avg_c": 21.4, "pet_avg_c": 24.1, "wbgt_avg_c": 17.8, "heat_days_30": 0, "heat_days_35": 0, "tx90p": 9.2, "wsdi": 2, "wellbeing_score": 76.4, "health_index": 91.6}}, {"type": "Feature", "geometry": {"type": "Point", "coordinates": [-72.62028, -41.27089]}, "properties": {"school_id": "CL0020", "school_name": "Escuela Los Andes 20", "country": "CL", "admin1": "Los Lagos", "admin2": "Los Lagos - Comuna 9", "level": "Inicial", "sector": "Subvencionado", "enrollment": 419, "urban_rural": "Rural", "altitude_m": 0.0, "tmax_avg_c": 19.0, "pet_avg_c": 22.0, "wbgt_avg_c": 15.6, "heat_days_30": 0, "heat_days_35": 0, "tx90p": 15.7, "wsdi": 0, "wellbeing_score": 80.7, "health_index": 80.2}}, {"type": "Feature", "geometry": {"type": "Point", "coordinates": [-70.32065, -19.83493]}, "properties": {"school_id": "CL0021", "school_name": "Escuela El Bosque 21", "country": "CL", "admin1": "Tarapaca", "admin2": "Tarapaca - Comuna 10", "level": "Secundaria", "sector": "Publico", "enrollment": 253, "urban_rural": "Urbano", "altitude_m": 78.9, "tmax_avg_c": 22.2, "pet_avg_c": 25.0, "wbgt_avg_c": 19.2, "heat_days_30": 0, "heat_days_35": 0, "tx90p": 12.9, "wsdi": 1, "wellbeing_score": 56.6, "health_index": 79.9}}, {"type": "Feature", "geometry": {"type": "Point", "coordinates": [-69.42626, -24.79951]}, "properties": {"school_id": "CL0022", "school_name": "Escuela El Bosque 22", "country": "CL", "admin1": "Antofagasta", "admin2": "Antofagasta - Comuna 11", "level": "Inicial", "sector": "Publico", "enrollment": 404, "urban_rural": "Rural", "altitude_m": 22.9, "tmax_avg_c": 21.9, "pet_avg_c": 23.8, "wbgt_avg_c": 18.8, "heat_days_30": 0, "heat_days_35": 0, "tx90p": 12.7, "wsdi": 2, "wellbeing_score": 47.6, "health_index": 68.7}}, {"type": "Feature", "geometry": {"type": "Point", "coordinates": [-71.3674, -30.29514]}, "properties": {"school_id": "CL0023", "school_name": "Escuela Los Alamos 23", "country": "CL", "admin1": "Coquimbo", "admin2": "Coquimbo - Comuna 12", "level": "Primaria", "sector": "Subvencionado", "enrollment": 565, "urban_rural": "Urbano", "altitude_m": 67.3, "tmax_avg_c": 26.1, "pet_avg_c": 29.5, "wbgt_avg_c": 24.9, "heat_days_30": 31, "heat_days_35": 2, "tx90p": 12.0, "wsdi": 10, "wellbeing_score": 70.9, "health_index": 78.2}}, {"type": "Feature", "geometry": {"type": "Point", "coordinates": [-72.01428, -33.84509]}, "properties": {"school_id": "CL0024", "school_name": "Escuela Santa Rosa 24", "country": "CL", "admin1": "Valparaiso", "admin2": "Valparaiso - Comuna 1", "level": "Secundaria", "sector": "Publico", "enrollment": 339, "urban_rural": "Rural", "altitude_m": 8.8, "tmax_avg_c": 27.3, "pet_avg_c": 29.1, "wbgt_avg_c": 24.6, "heat_days_30": 49, "heat_days_35": 14, "tx90p": 17.8, "wsdi": 20, "wellbeing_score": 90.8, "health_index": 69.9}}, {"type": "Feature", "geometry": {"type": "Point", "coordinates": [-70.54916, -32.97022]}, "properties": {"school_id": "CL0025", "school_name": "Escuela San Martin 25", "country": "CL", "admin1": "Metropolitana", "admin2": "Metropolitana - Comuna 2", "level": "Primaria", "sector": "Publico", "enrollment": 180, "urban_rural": "Urbano", "altitude_m": 782.8, "tmax_avg_c": 30.3, "pet_avg_c": 32.2, "wbgt_avg_c": 26.4, "heat_days_30": 73, "heat_days_35": 21, "tx90p": 12.0, "wsdi": 24, "wellbeing_score": 71.9, "health_index": 81.9}}, {"type": "Feature", "geometry": {"type": "Point", "coordinates": [-69.92784, -33.76192]}, "properties": {"school_id": "CL0026", "school_name": "Escuela Los Alamos 26", "country": "CL", "admin1": "Ohiggins", "admin2": "Ohiggins - Comuna 3", "level": "Secundaria", "sector": "Publico", "enrollment": 253, "urban_rural": "Urbano", "altitude_m": 434.0, "tmax_avg_c": 31.0, "pet_avg_c": 36.5, "wbgt_avg_c": 29.6, "heat_days_30": 99, "heat_days_35": 19, "tx90p": 12.0, "wsdi": 43, "wellbeing_score": 63.6, "health_index": 82.0}}, {"type": "Feature", "geometry": {"type": "Point", "coordinates": [-71.97966, -36.30694]}, "properties": {"school_id": "CL0027", "school_name": "Escuela El Bosque 27", "country": "CL", "admin1": "Maule", "admin2": "Maule - Comuna 4", "level": "Secundaria", "sector": "Subvencionado", "enrollment": 276, "urban_rural": "Rural", "altitude_m": 100.6, "tmax_avg_c": 28.6, "pet_avg_c": 30.6, "wbgt_avg_c": 24.7, "heat_days_30": 49, "heat_days_35": 9, "tx90p": 13.1, "wsdi": 14, "wellbeing_score": 55.1, "health_index": 73.6}}, {"type": "Feature", "geometry": {"type": "Point", "coordinates": [-71.92393, -36.69672]}, "properties": {"school_id": "CL0028", "school_name": "Escuela Alto del Rio 28", "country": "CL", "admin1": "Biobio", "admin2": "Biobio - Comuna 5", "level": "Secundaria", "sector": "Publico", "enrollment": 587, "urban_rural": "Urbano", "altitude_m": 28.8, "tmax_avg_c": 24.7, "pet_avg_c": 26.7, "wbgt_avg_c": 23.6, "heat_days_30": 21, "heat_days_35": 5, "tx90p": 15.5, "wsdi": 7, "wellbeing_score": 77.7, "health_index": 64.3}}, {"type": "Feature", "geometry": {"type": "Point", "coordinates": [-73.71158, -39.39079]}, "properties": {"school_id": "CL0029", "school_name": "Escuela Villa del Sol 29", "country": "CL", "admin1": "Araucania", "admin2": "Araucania - Comuna 6", "level": "Primaria", "sector": "Subvencionado", "enrollment": 387, "urban_rural": "Urbano", "altitude_m": 87.7, "tmax_avg_c": 23.3, "pet_avg_c": 28.6, "wbgt_avg_c": 21.8, "heat_days_30": 0, "heat_days_35": 0, "tx90p": 5.9, "wsdi": 0, "wellbeing_score": 64.9, "health_index": 83.2}}, {"type": "Feature", "geometry": {"type": "Point", "coordinates": [-73.73266, -40.85253]}, "properties": {"school_id": "CL0030", "school_name": "Escuela Alto del Rio 30", "country": "CL", "admin1": "Los Lagos", "admin2": "Los Lagos - Comuna 7", "level": "Inicial", "sector": "Publico", "enrollment": 260, "urban_rural": "Urbano", "altitude_m": 15.3, "tmax_avg_c": 19.5, "pet_avg_c": 21.7, "wbgt_avg_c": 17.4, "heat_days_30": 0, "heat_days_35": 0, "tx90p": 17.2, "wsdi": 0, "wellbeing_score": 58.6, "health_index": 73.7}}, {"type": "Feature", "geometry": {"type": "Point", "coordinates": [-70.71938, -20.26887]}, "properties": {"school_id": "CL0031", "school_name": "Escuela Los Alamos 31", "country": "CL", "admin1": "Tarapaca", "admin2": "Tarapaca - Comuna 8", "level": "Primaria", "sector": "Privado", "enrollment": 148, "urban_rural": "Urbano", "altitude_m": 0.0, "tmax_avg_c": 25.2, "pet_avg_c": 27.0, "wbgt_avg_c": 21.5, "heat_days_30": 31, "heat_days_35": 8, "tx90p": 10.7, "wsdi": 12, "wellbeing_score": 56.2, "health_index": 82.2}}, {"type": "Feature", "geometry": {"type": "Point", "coordinates": [-71.07543, -23.951]}, "properties": {"school_id": "CL0032", "school_name": "Escuela Jose Marti 32", "country": "CL", "admin1": "Antofagasta", "admin2": "Antofagasta - Comuna 9", "level": "Primaria", "sector": "Publico", "enrollment": 231, "urban_rural": "Urbano", "altitude_m": 344.9, "tmax_avg_c": 23.7, "pet_avg_c": 27.3, "wbgt_avg_c": 21.2, "heat_days_30": 0, "heat_days_35": 0, "tx90p": 15.6, "wsdi": 0, "wellbeing_score": 55.9, "health_index": 68.6}}, {"type": "Feature", "geometry": {"type": "Point", "coordinates": [-71.84485, -30.25562]}, "properties": {"school_id": "CL0033", "school_name": "Escuela El Bosque 33", "country": "CL", "admin1": "Coquimbo", "admin2": "Coquimbo - Comuna 10", "level": "Secundaria", "sector": "Publico", "enrollment": 420, "urban_rural": "Urbano", "altitude_m": 232.5, "tmax_avg_c": 29.6, "pet_avg_c": 34.1, "wbgt_avg_c": 27.3, "heat_days_30": 95, "heat_days_35": 7, "tx90p": 8.4, "wsdi": 31, "wellbeing_score": 42.0, "health_index": 79.9}}, {"type": "Feature", "geometry": {"type": "Point", "coordinates": [-71.47995, -33.03477]}, "properties": {"school_id": "CL0034", "school_name": "Escuela Amanecer 34", "country": "CL", "admin1": "Valparaiso", "admin2": "Valparaiso - Comuna 11", "level": "Inicial", "sector": "Publico", "enrollment": 240, "urban_rural": "Urbano", "altitude_m": 6.6, "tmax_avg_c": 26.2, "pet_avg_c": 28.4, "wbgt_avg_c": 22.5, "heat_days_30": 23, "heat_days_35": 1, "tx90p": 3.5, "wsdi": 13, "wellbeing_score": 62.1, "health_index": 70.9}}, {"type": "Feature", "geometry": {"type": "Point", "coordinates": [-70.23453, -33.76722]}, "properties": {"school_id": "CL0035", "school_name": "Escuela Santa Rosa 35", "country": "CL", "admin1": "Metropolitana", "admin2": "Metropolitana - Comuna 12", "level": "Secundaria", "sector": "Publico", "enrollment": 165, "urban_rural": "Urbano", "altitude_m": 580.1, "tmax_avg_c": 30.2, "pet_avg_c": 32.5, "wbgt_avg_c": 28.2, "heat_days_30": 84, "heat_days_35": 13, "tx90p": 6.1, "wsdi": 16, "wellbeing_score": 46.7, "health_index": 79.7}}, {"type": "Feature", "geometry": {"type": "Point", "coordinates": [-70.59274, -34.79653]}, "properties": {"school_id": "CL0036", "school_name": "Escuela Nueva Esperanza 36", "country": "CL", "admin1": "Ohiggins", "admin2": "Ohiggins - Comuna 1", "level": "Inicial", "sector": "Publico", "enrollment": 120, "urban_rural": "Urbano", "altitude_m": 684.1, "tmax_avg_c": 30.8, "pet_avg_c": 33.3, "wbgt_avg_c": 27.8, "heat_days_30": 95, "heat_days_35": 22, "tx90p": 8.8, "wsdi": 35, "wellbeing_score": 71.9, "health_index": 70.8}}, {"type": "Feature", "geometry": {"type": "Point", "coordinates": [-71.98219, -35.22587]}, "properties": {"school_id": "CL0037", "school_name": "Escuela Las Colinas 37", "country": "CL", "admin1": "Maule", "admin2": "Maule - Comuna 2", "level": "Primaria", "sector": "Subvencionado", "enrollment": 250, "urban_rural": "Urbano", "altitude_m": 110.4, "tmax_avg_c": 28.2, "pet_avg_c": 30.4, "wbgt_avg_c": 26.7, "heat_days_30": 70, "heat_days_35": 17, "tx90p": 11.9, "wsdi": 25, "wellbeing_score": 61.8, "health_index": 82.0}}, {"type": "Feature", "geometry": {"type": "Point", "coordinates": [-72.33442, -36.96757]}, "properties": {"school_id": "CL0038", "school_name": "Escuela Buenos Aires 38", "country": "CL", "admin1": "Biobio", "admin2": "Biobio - Comuna 3", "level": "Primaria", "sector": "Privado", "enrollment": 88, "urban_rural": "Urbano", "altitude_m": 0.0, "tmax_avg_c": 25.4, "pet_avg_c": 28.5, "wbgt_avg_c": 22.8, "heat_days_30": 18, "heat_days_35": 4, "tx90p": 8.3, "wsdi": 9, "wellbeing_score": 47.3, "health_index": 87.7}}, {"type": "Feature", "geometry": {"type": "Point", "coordinates": [-72.81841, -38.55383]}, "properties": {"school_id": "CL0039", "school_name": "Escuela San Martin 39", "country": "CL", "admin1": "Araucania", "admin2": "Araucania - Comuna 4", "level": "Secundaria", "sector": "Subvencionado", "enrollment": 841, "urban_rural": "Urbano", "altitude_m": 195.9, "tmax_avg_c": 20.6, "pet_avg_c": 25.1, "wbgt_avg_c": 19.5, "heat_days_30": 0, "heat_days_35": 0, "tx90p": 12.4, "wsdi": 1, "wellbeing_score": 80.4, "health_index": 76.4}}, {"type": "Feature", "geometry": {"type": "Point", "coordinates": [-73.24396, -41.70507]}, "properties": {"school_id": "CL0040", "school_name": "Escuela Las Colinas 40", "country": "CL", "admin1": "Los Lagos", "admin2": "Los Lagos - Comuna 5", "level": "Primaria", "sector": "Privado", "enrollment": 440, "urban_rural": "Urbano", "altitude_m": 145.7, "tmax_avg_c": 18.0, "pet_avg_c": 20.2, "wbgt_avg_c": 14.3, "heat_days_30": 0, "heat_days_35": 0, "tx90p": 8.3, "wsdi": 0, "wellbeing_score": 68.4, "health_index": 71.0}}, {"type": "Feature", "geometry": {"type": "Point", "coordinates": [-70.07893, -18.86484]}, "properties": {"school_id": "CL0041", "school_name": "Escuela Las Colinas 41", "country": "CL", "admin1": "Tarapaca", "admin2": "Tarapaca - Comuna 6", "level": "Secundaria", "sector": "Subvencionado", "enrollment": 388, "urban_rural": "Urbano", "altitude_m": 53.1, "tmax_avg_c": 24.8, "pet_avg_c": 28.8, "wbgt_avg_c": 22.6, "heat_days_30": 0, "heat_days_35": 0, "tx90p": 8.0, "wsdi": 0, "wellbeing_score": 95.5, "health_index": 84.2}}, {"type": "Feature", "geometry": {"type": "Point", "coordinates": [-70.47337, -23.97345]}, "properties": {"school_id": "CL0042", "school_name": "Escuela Las Flores 42", "country": "CL", "admin1": "Antofagasta", "admin2": "Antofagasta - Comuna 7", "level": "Inicial", "sector": "Publico", "enrollment": 202, "urban_rural": "Urbano", "altitude_m": 188.5, "tmax_avg_c": 24.1, "pet_avg_c": 27.0, "wbgt_avg_c": 22.0, "heat_days_30": 1, "heat_days_35": 0, "tx90p": 6.5, "wsdi": 0, "wellbeing_score": 62.1, "health_index": 77.7}}, {"type": "Feature", "geometry": {"type": "Point", "coordinates": [-71.27986, -31.38329]}, "properties": {"school_id": "CL0043", "school_name": "Escuela Alto del Rio 43", "country": "CL", "admin1": "Coquimbo", "admin2": "Coquimbo - Comuna 8", "level": "Primaria", "sector": "Privado", "enrollment": 383, "urban_rural": "Urbano", "altitude_m": 2.3, "tmax_avg_c": 25.2, "pet_avg_c": 30.5, "wbgt_avg_c": 23.7, "heat_days_30": 23, "heat_days_35": 3, "tx90p": 18.7, "wsdi": 4, "wellbeing_score": 55.6, "health_index": 83.6}}, {"type": "Feature", "geometry": {"type": "Point", "coordinates": [-71.46473, -33.11316]}, "properties": {"school_id": "CL0044", "school_name": "Escuela Jose Marti 44", "country": "CL", "admin1": "Valparaiso", "admin2": "Valparaiso - Comuna 9", "level": "Inicial", "sector": "Subvencionado", "enrollment": 155, "urban_rural": "Urbano", "altitude_m": 358.4, "tmax_avg_c": 23.6, "pet_avg_c": 26.7, "wbgt_avg_c": 20.9, "heat_days_30": 6, "heat_days_35": 0, "tx90p": 11.9, "wsdi": 2, "wellbeing_score": 48.1, "health_index": 73.3}}, {"type": "Feature", "geometry": {"type": "Point", "coordinates": [-69.68625, -34.06082]}, "properties": {"school_id": "CL0045", "school_name": "Escuela Simon Bolivar 45", "country": "CL", "admin1": "Metropolitana", "admin2": "Metropolitana - Comuna 10", "level": "Inicial", "sector": "Publico", "enrollment": 510, "urban_rural": "Urbano", "altitude_m": 632.3, "tmax_avg_c": 29.1, "pet_avg_c": 31.3, "wbgt_avg_c": 26.2, "heat_days_30": 75, "heat_days_35": 8, "tx90p": 10.3, "wsdi": 29, "wellbeing_score": 67.8, "health_index": 76.0}}, {"type": "Feature", "geometry": {"type": "Point", "coordinates": [-71.2939, -33.26448]}, "properties": {"school_id": "CL0046", "school_name": "Escuela Nueva Esperanza 46", "country": "CL", "admin1": "Ohiggins", "admin2": "Ohiggins - Comuna 11", "level": "Secundaria", "sector": "Publico", "enrollment": 169, "urban_rural": "Urbano", "altitude_m": 271.1, "tmax_avg_c": 29.9, "pet_avg_c": 33.1, "wbgt_avg_c": 26.2, "heat_days_30": 73, "heat_days_35": 18, "tx90p": 7.3, "wsdi": 18, "wellbeing_score": 46.3, "health_index": 79.0}}, {"type": "Feature", "geometry": {"type": "Point", "coordinates": [-70.68486, -36.13424]}, "properties": {"school_id": "CL0047", "school_name": "Escuela Las Flores 47", "country": "CL", "admin1": "Maule", "admin2": "Maule - Comuna 12", "level": "Primaria", "sector": "Subvencionado", "enrollment": 631, "urban_rural": "Rural", "altitude_m": 0.0, "tmax_avg_c": 30.3, "pet_avg_c": 35.0, "wbgt_avg_c": 28.0, "heat_days_30": 93, "heat_days_35": 5, "tx90p": 11.9, "wsdi": 29, "wellbeing_score": 57.5, "health_index": 69.2}}, {"type": "Feature", "geometry": {"type": "Point", "coordinates": [-72.99455, -37.53865]}, "properties": {"school_id": "CL0048", "school_name": "Escuela El Bosque 48", "country": "CL", "admin1": "Biobio", "admin2": "Biobio - Comuna 1", "level": "Primaria", "sector": "Privado", "enrollment": 356, "urban_rural": "Rural", "altitude_m": 0.0, "tmax_avg_c": 25.3, "pet_avg_c": 29.2, "wbgt_avg_c": 22.3, "heat_days_30": 31, "heat_days_35": 2, "tx90p": 10.5, "wsdi": 11, "wellbeing_score": 57.5, "health_index": 77.7}}, {"type": "Feature", "geometry": {"type": "Point", "coordinates": [-72.98916, -38.45529]}, "properties": {"school_id": "CL0049", "school_name": "Escuela Las Colinas 49", "country": "CL", "admin1": "Araucania", "admin2": "Araucania - Comuna 2", "level": "Inicial", "sector": "Publico", "enrollment": 185, "urban_rural": "Urbano", "altitude_m": 142.4, "tmax_avg_c": 23.7, "pet_avg_c": 26.4, "wbgt_avg_c": 21.0, "heat_days_30": 0, "heat_days_35": 0, "tx90p": 12.5, "wsdi": 0, "wellbeing_score": 72.3, "health_index": 67.8}}, {"type": "Feature", "geometry": {"type": "Point", "coordinates": [-73.30232, -41.47294]}, "properties": {"school_id": "CL0050", "school_name": "Escuela Simon Bolivar 50", "country": "CL", "admin1": "Los Lagos", "admin2": "Los Lagos - Comuna 3", "level": "Secundaria", "sector": "Publico", "enrollment": 442, "urban_rural": "Urbano", "altitude_m": 0.0, "tmax_avg_c": 19.0, "pet_avg_c": 23.2, "wbgt_avg_c": 16.7, "heat_days_30": 0, "heat_days_35": 0, "tx90p": 12.5, "wsdi": 1, "wellbeing_score": 72.5, "health_index": 67.4}}, {"type": "Feature", "geometry": {"type": "Point", "coordinates": [-70.28614, -20.60993]}, "properties": {"school_id": "CL0051", "school_name": "Escuela Los Andes 51", "country": "CL", "admin1": "Tarapaca", "admin2": "Tarapaca - Comuna 4", "level": "Inicial", "sector": "Publico", "enrollment": 368, "urban_rural": "Rural", "altitude_m": 31.1, "tmax_avg_c": 25.6, "pet_avg_c": 29.7, "wbgt_avg_c": 22.5, "heat_days_30": 30, "heat_days_35": 7, "tx90p": 10.8, "wsdi": 1, "wellbeing_score": 74.8, "health_index": 78.7}}, {"type": "Feature", "geometry": {"type": "Point", "coordinates": [-70.5173, -23.40435]}, "properties": {"school_id": "CL0052", "school_name": "Escuela Los Andes 52", "country": "CL", "admin1": "Antofagasta", "admin2": "Antofagasta - Comuna 5", "level": "Secundaria", "sector": "Publico", "enrollment": 259, "urban_rural": "Rural", "altitude_m": 195.5, "tmax_avg_c": 23.1, "pet_avg_c": 25.5, "wbgt_avg_c": 21.8, "heat_days_30": 0, "heat_days_35": 0, "tx90p": 7.9, "wsdi": 3, "wellbeing_score": 62.8, "health_index": 76.5}}, {"type": "Feature", "geometry": {"type": "Point", "coordinates": [-71.14189, -29.10416]}, "properties": {"school_id": "CL0053", "school_name": "Escuela Jose Marti 53", "country": "CL", "admin1": "Coquimbo", "admin2": "Coquimbo - Comuna 6", "level": "Secundaria", "sector": "Privado", "enrollment": 128, "urban_rural": "Urbano", "altitude_m": 153.8, "tmax_avg_c": 27.4, "pet_avg_c": 32.1, "wbgt_avg_c": 23.4, "heat_days_30": 51, "heat_days_35": 7, "tx90p": 9.4, "wsdi": 20, "wellbeing_score": 76.0, "health_index": 78.4}}, {"type": "Feature", "geometry": {"type": "Point", "coordinates": [-72.51723, -33.975]}, "properties": {"school_id": "CL0054", "school_name": "Escuela Los Andes 54", "country": "CL", "admin1": "Valparaiso", "admin2": "Valparaiso - Comuna 7", "level": "Inicial", "sector": "Publico", "enrollment": 402, "urban_rural": "Urbano", "altitude_m": 0.0, "tmax_avg_c": 25.7, "pet_avg_c": 27.4, "wbgt_avg_c": 24.6, "heat_days_30": 16, "heat_days_35": 4, "tx90p": 5.2, "wsdi": 2, "wellbeing_score": 76.8, "health_index": 77.0}}, {"type": "Feature", "geometry": {"type": "Point", "coordinates": [-70.27885, -33.47721]}, "properties": {"school_id": "CL0055", "school_name": "Escuela Simon Bolivar 55", "country": "CL", "admin1": "Metropolitana", "admin2": "Metropolitana - Comuna 8", "level": "Secundaria", "sector": "Publico", "enrollment": 327, "urban_rural": "Rural", "altitude_m": 385.3, "tmax_avg_c": 30.5, "pet_avg_c": 34.1, "wbgt_avg_c": 28.8, "heat_days_30": 117, "heat_days_35": 11, "tx90p": 9.1, "wsdi": 47, "wellbeing_score": 59.0, "health_index": 69.3}}, {"type": "Feature", "geometry": {"type": "Point", "coordinates": [-71.38546, -34.37537]}, "properties": {"school_id": "CL0056", "school_name": "Escuela Buenos Aires 56", "country": "CL", "admin1": "Ohiggins", "admin2": "Ohiggins - Comuna 9", "level": "Inicial", "sector": "Subvencionado", "enrollment": 456, "urban_rural": "Urbano", "altitude_m": 445.5, "tmax_avg_c": 29.8, "pet_avg_c": 33.6, "wbgt_avg_c": 27.0, "heat_days_30": 68, "heat_days_35": 4, "tx90p": 9.9, "wsdi": 15, "wellbeing_score": 68.4, "health_index": 77.2}}, {"type": "Feature", "geometry": {"type": "Point", "coordinates": [-70.54439, -35.0678]}, "properties": {"school_id": "CL0057", "school_name": "Escuela Simon Bolivar 57", "country": "CL", "admin1": "Maule", "admin2": "Maule - Comuna 10", "level": "Primaria", "sector": "Publico", "enrollment": 181, "urban_rural": "Urbano", "altitude_m": 78.8, "tmax_avg_c": 27.9, "pet_avg_c": 30.3, "wbgt_avg_c": 24.9, "heat_days_30": 58, "heat_days_35": 4, "tx90p": 11.0, "wsdi": 22, "wellbeing_score": 79.5, "health_index": 78.1}}, {"type": "Feature", "geometry": {"type": "Point", "coordinates": [-73.6725, -36.10187]}, "properties": {"school_id": "CL0058", "school_name": "Escuela Santa Rosa 58", "country": "CL", "admin1": "Biobio", "admin2": "Biobio - Comuna 11", "level": "Secundaria", "sector": "Subvencionado", "enrollment": 340, "urban_rural": "Urbano", "altitude_m": 0.0, "tmax_avg_c": 26.1, "pet_avg_c": 30.4, "wbgt_avg_c": 23.0, "heat_days_30": 37, "heat_days_35": 7, "tx90p": 9.1, "wsdi": 18, "wellbeing_score": 63.0, "health_index": 78.2}}, {"type": "Feature", "geometry": {"type": "Point", "coordinates": [-73.03931, -38.07642]}, "properties": {"school_id": "CL0059", "school_name": "Escuela Nueva Esperanza 59", "country": "CL", "admin1": "Araucania", "admin2": "Araucania - Comuna 12", "level": "Secundaria", "sector": "Publico", "enrollment": 222, "urban_rural": "Urbano", "altitude_m": 164.2, "tmax_avg_c": 23.1, "pet_avg_c": 28.5, "wbgt_avg_c": 20.2, "heat_days_30": 0, "heat_days_35": 0, "tx90p": 12.9, "wsdi": 6, "wellbeing_score": 68.2, "health_index": 76.8}}, {"type": "Feature", "geometry": {"type": "Point", "coordinates": [-72.91363, -41.17409]}, "properties": {"school_id": "CL0060", "school_name": "Escuela Las Colinas 60", "country": "CL", "admin1": "Los Lagos", "admin2": "Los Lagos - Comuna 1", "level": "Secundaria", "sector": "Publico", "enrollment": 131, "urban_rural": "Rural", "altitude_m": 175.1, "tmax_avg_c": 18.4, "pet_avg_c": 21.1, "wbgt_avg_c": 15.3, "heat_days_30": 0, "heat_days_35": 0, "tx90p": 5.6, "wsdi": 2, "wellbeing_score": 58.3, "health_index": 83.0}}, {"type": "Feature", "geometry": {"type": "Point", "coordinates": [-70.18616, -19.34896]}, "properties": {"school_id": "CL0061", "school_name": "Escuela San Martin 61", "country": "CL", "admin1": "Tarapaca", "admin2": "Tarapaca - Comuna 2", "level": "Primaria", "sector": "Subvencionado", "enrollment": 692, "urban_rural": "Urbano", "altitude_m": 0.0, "tmax_avg_c": 22.9, "pet_avg_c": 27.6, "wbgt_avg_c": 19.8, "heat_days_30": 0, "heat_days_35": 0, "tx90p": 11.7, "wsdi": 0, "wellbeing_score": 62.3, "health_index": 70.8}}, {"type": "Feature", "geometry": {"type": "Point", "coordinates": [-70.0517, -23.71302]}, "properties": {"school_id": "CL0062", "school_name": "Escuela Alto del Rio 62", "country": "CL", "admin1": "Antofagasta", "admin2": "Antofagasta - Comuna 3", "level": "Primaria", "sector": "Subvencionado", "enrollment": 620, "urban_rural": "Urbano", "altitude_m": 0.0, "tmax_avg_c": 22.7, "pet_avg_c": 25.0, "wbgt_avg_c": 21.6, "heat_days_30": 0, "heat_days_35": 0, "tx90p": 13.9, "wsdi": 0, "wellbeing_score": 69.1, "health_index": 83.7}}, {"type": "Feature", "geometry": {"type": "Point", "coordinates": [-71.00376, -29.58663]}, "properties": {"school_id": "CL0063", "school_name": "Escuela Amanecer 63", "country": "CL", "admin1": "Coquimbo", "admin2": "Coquimbo - Comuna 4", "level": "Inicial", "sector": "Publico", "enrollment": 525, "urban_rural": "Rural", "altitude_m": 107.1, "tmax_avg_c": 28.1, "pet_avg_c": 31.6, "wbgt_avg_c": 26.8, "heat_days_30": 67, "heat_days_35": 5, "tx90p": 9.0, "wsdi": 20, "wellbeing_score": 56.1, "health_index": 74.5}}, {"type": "Feature", "geometry": {"type": "Point", "coordinates": [-71.23941, -33.92527]}, "properties": {"school_id": "CL0064", "school_name": "Escuela Los Alamos 64", "country": "CL", "admin1": "Valparaiso", "admin2": "Valparaiso - Comuna 5", "level": "Primaria", "sector": "Publico", "enrollment": 444, "urban_rural": "Urbano", "altitude_m": 0.0, "tmax_avg_c": 26.4, "pet_avg_c": 30.3, "wbgt_avg_c": 24.5, "heat_days_30": 7, "heat_days_35": 1, "tx90p": 12.1, "wsdi": 2, "wellbeing_score": 53.4, "health_index": 79.1}}, {"type": "Feature", "geometry": {"type": "Point", "coordinates": [-71.2871, -33.45198]}, "properties": {"school_id": "CL0065", "school_name": "Escuela Los Andes 65", "country": "CL", "admin1": "Metropolitana", "admin2": "Metropolitana - Comuna 6", "level": "Primaria", "sector": "Publico", "enrollment": 419, "urban_rural": "Urbano", "altitude_m": 700.4, "tmax_avg_c": 27.9, "pet_avg_c": 30.8, "wbgt_avg_c": 26.8, "heat_days_30": 58, "heat_days_35": 4, "tx90p": 8.0, "wsdi": 19, "wellbeing_score": 76.9, "health_index": 80.3}}, {"type": "Feature", "geometry": {"type": "Point", "coordinates": [-70.98474, -34.4414]}, "properties": {"school_id": "CL0066", "school_name": "Escuela El Progreso 66", "country": "CL", "admin1": "Ohiggins", "admin2": "Ohiggins - Comuna 7", "level": "Secundaria", "sector": "Publico", "enrollment": 181, "urban_rural": "Rural", "altitude_m": 383.1, "tmax_avg_c": 29.6, "pet_avg_c": 33.9, "wbgt_avg_c": 26.0, "heat_days_30": 75, "heat_days_35": 17, "tx90p": 9.3, "wsdi": 35, "wellbeing_score": 80.8, "health_index": 75.6}}, {"type": "Feature", "geometry": {"type": "Point", "coordinates": [-72.02905, -34.28861]}, "properties": {"school_id": "CL0067", "school_name": "Escuela Jose Marti 67", "country": "CL", "admin1": "Maule", "admin2": "Maule - Comuna 8", "level": "Inicial", "sector": "Publico", "enrollment": 298, "urban_rural": "Urbano", "altitude_m": 308.3, "tmax_avg_c": 27.7, "pet_avg_c": 32.3, "wbgt_avg_c": 24.7, "heat_days_30": 48, "heat_days_35": 8, "tx90p": 16.2, "wsdi": 12, "wellbeing_score": 51.5, "health_index": 80.7}}, {"type": "Feature", "geometry": {"type": "Point", "coordinates": [-72.93362, -37.10624]}, "properties": {"school_id": "CL0068", "school_name": "Escuela Los Andes 68", "country": "CL", "admin1": "Biobio", "admin2": "Biobio - Comuna 9", "level": "Secundaria", "sector": "Privado", "enrollment": 255, "urban_rural": "Urbano", "altitude_m": 145.9, "tmax_avg_c": 23.4, "pet_avg_c": 28.9, "wbgt_avg_c": 22.3, "heat_days_30": 0, "heat_days_35": 0, "tx90p": 6.3, "wsdi": 6, "wellbeing_score": 77.9, "health_index": 79.7}}, {"type": "Feature", "geometry": {"type": "Point", "coordinates": [-72.10399, -38.83495]}, "properties": {"school_id": "CL0069", "school_name": "Escuela Los Alamos 69", "country": "CL", "admin1": "Araucania", "admin2": "Araucania - Comuna 10", "level": "Secundaria", "sector": "Publico", "enrollment": 122, "urban_rural": "Urbano", "altitude_m": 198.3, "tmax_avg_c": 23.8, "pet_avg_c": 25.8, "wbgt_avg_c": 20.6, "heat_days_30": 6, "heat_days_35": 1, "tx90p": 9.3, "wsdi": 0, "wellbeing_score": 68.9, "health_index": 77.2}}, {"type": "Feature", "geometry": {"type": "Point", "coordinates": [-72.96773, -42.37777]}, "properties": {"school_id": "CL0070", "school_name": "Escuela Nueva Esperanza 70", "country": "CL", "admin1": "Los Lagos", "admin2": "Los Lagos - Comuna 11", "level": "Primaria", "sector": "Publico", "enrollment": 459, "urban_rural": "Urbano", "altitude_m": 11.2, "tmax_avg_c": 18.5, "pet_avg_c": 23.9, "wbgt_avg_c": 16.8, "heat_days_30": 0, "heat_days_35": 0, "tx90p": 14.3, "wsdi": 0, "wellbeing_score": 64.4, "health_index": 83.8}}, {"type": "Feature", "geometry": {"type": "Point", "coordinates": [-70.85565, -20.16775]}, "properties": {"school_id": "CL0071", "school_name": "Escuela Buenos Aires 71", "country": "CL", "admin1": "Tarapaca", "admin2": "Tarapaca - Comuna 12", "level": "Primaria", "sector": "Publico", "enrollment": 211, "urban_rural": "Urbano", "altitude_m": 159.6, "tmax_avg_c": 23.4, "pet_avg_c": 25.6, "wbgt_avg_c": 22.3, "heat_days_30": 0, "heat_days_35": 0, "tx90p": 10.0, "wsdi": 6, "wellbeing_score": 69.4, "health_index": 90.4}}, {"type": "Feature", "geometry": {"type": "Point", "coordinates": [-70.19115, -23.81682]}, "properties": {"school_id": "CL0072", "school_name": "Escuela Villa del Sol 72", "country": "CL", "admin1": "Antofagasta", "admin2": "Antofagasta - Comuna 1", "level": "Inicial", "sector": "Publico", "enrollment": 205, "urban_rural": "Rural", "altitude_m": 20.8, "tmax_avg_c": 24.0, "pet_avg_c": 26.7, "wbgt_avg_c": 21.4, "heat_days_30": 0, "heat_days_35": 0, "tx90p": 11.4, "wsdi": 1, "wellbeing_score": 77.0, "health_index": 56.8}}, {"type": "Feature", "geometry": {"type": "Point", "coordinates": [-71.32677, -28.75139]}, "properties": {"school_id": "CL0073", "school_name": "Escuela Santa Rosa 73", "country": "CL", "admin1": "Coquimbo", "admin2": "Coquimbo - Comuna 2", "level": "Inicial", "sector": "Privado", "enrollment": 160, "urban_rural": "Rural", "altitude_m": 163.0, "tmax_avg_c": 26.9, "pet_avg_c": 30.1, "wbgt_avg_c": 23.3, "heat_days_30": 35, "heat_days_35": 3, "tx90p": 13.6, "wsdi": 18, "wellbeing_score": 64.6, "health_index": 93.2}}, {"type": "Feature", "geometry": {"type": "Point", "coordinates": [-71.38081, -32.52037]}, "properties": {"school_id": "CL0074", "school_name": "Escuela El Progreso 74", "country": "CL", "admin1": "Valparaiso", "admin2": "Valparaiso - Comuna 3", "level": "Secundaria", "sector": "Privado", "enrollment": 279, "urban_rural": "Urbano", "altitude_m": 0.0, "tmax_avg_c": 27.8, "pet_avg_c": 30.9, "wbgt_avg_c": 24.9, "heat_days_30": 43, "heat_days_35": 3, "tx90p": 14.0, "wsdi": 17, "wellbeing_score": 84.4, "health_index": 80.2}}, {"type": "Feature", "geometry": {"type": "Point", "coordinates": [-70.11975, -33.58429]}, "properties": {"school_id": "CL0075", "school_name": "Escuela Buenos Aires 75", "country": "CL", "admin1": "Metropolitana", "admin2": "Metropolitana - Comuna 4", "level": "Secundaria", "sector": "Subvencionado", "enrollment": 146, "urban_rural": "Rural", "altitude_m": 662.7, "tmax_avg_c": 30.7, "pet_avg_c": 32.7, "wbgt_avg_c": 28.0, "heat_days_30": 97, "heat_days_35": 4, "tx90p": 7.7, "wsdi": 23, "wellbeing_score": 54.4, "health_index": 84.7}}, {"type": "Feature", "geometry": {"type": "Point", "coordinates": [-70.90694, -35.024]}, "properties": {"school_id": "CL0076", "school_name": "Escuela Simon Bolivar 76", "country": "CL", "admin1": "Ohiggins", "admin2": "Ohiggins - Comuna 5", "level": "Inicial", "sector": "Privado", "enrollment": 200, "urban_rural": "Urbano", "altitude_m": 194.8, "tmax_avg_c": 28.6, "pet_avg_c": 31.6, "wbgt_avg_c": 25.0, "heat_days_30": 96, "heat_days_35": 17, "tx90p": 9.6, "wsdi": 25, "wellbeing_score": 48.3, "health_index": 59.2}}, {"type": "Feature", "geometry": {"type": "Point", "coordinates": [-70.30814, -34.86759]}, "properties": {"school_id": "CL0077", "school_name": "Escuela Santa Rosa 77", "country": "CL", "admin1": "Maule", "admin2": "Maule - Comuna 6", "level": "Secundaria", "sector": "Privado", "enrollment": 358, "urban_rural": "Rural", "altitude_m": 266.1, "tmax_avg_c": 28.7, "pet_avg_c": 33.9, "wbgt_avg_c": 27.5, "heat_days_30": 74, "heat_days_35": 20, "tx90p": 8.7, "wsdi": 22, "wellbeing_score": 54.6, "health_index": 66.2}}, {"type": "Feature", "geometry": {"type": "Point", "coordinates": [-73.3896, -36.296]}, "properties": {"school_id": "CL0078", "school_name": "Escuela El Bosque 78", "country": "CL", "admin1": "Biobio", "admin2": "Biobio - Comuna 7", "level": "Primaria", "sector": "Privado", "enrollment": 329, "urban_rural": "Urbano", "altitude_m": 0.0, "tmax_avg_c": 23.7, "pet_avg_c": 25.9, "wbgt_avg_c": 20.7, "heat_days_30": 0, "heat_days_35": 0, "tx90p": 16.5, "wsdi": 0, "wellbeing_score": 45.9, "health_index": 83.5}}, {"type": "Feature", "geometry": {"type": "Point", "coordinates": [-72.28613, -38.7508]}, "properties": {"school_id": "CL0079", "school_name": "Escuela Alto del Rio 79", "country": "CL", "admin1": "Araucania", "admin2": "Araucania - Comuna 8", "level": "Inicial", "sector": "Privado", "enrollment": 534, "urban_rural": "Rural", "altitude_m": 146.9, "tmax_avg_c": 23.6, "pet_avg_c": 28.6, "wbgt_avg_c": 21.9, "heat_days_30": 0, "heat_days_35": 0, "tx90p": 6.8, "wsdi": 5, "wellbeing_score": 61.7, "health_index": 86.0}}, {"type": "Feature", "geometry": {"type": "Point", "coordinates": [-73.32546, -41.05906]}, "properties": {"school_id": "CL0080", "school_name": "Escuela Los Andes 80", "country": "CL", "admin1": "Los Lagos", "admin2": "Los Lagos - Comuna 9", "level": "Primaria", "sector": "Privado", "enrollment": 204, "urban_rural": "Urbano", "altitude_m": 126.3, "tmax_avg_c": 17.9, "pet_avg_c": 21.8, "wbgt_avg_c": 16.4, "heat_days_30": 0, "heat_days_35": 0, "tx90p": 9.9, "wsdi": 1, "wellbeing_score": 65.5, "health_index": 78.8}}, {"type": "Feature", "geometry": {"type": "Point", "coordinates": [-68.93421, -19.67987]}, "properties": {"school_id": "CL0081", "school_name": "Escuela San Martin 81", "country": "CL", "admin1": "Tarapaca", "admin2": "Tarapaca - Comuna 10", "level": "Primaria", "sector": "Publico", "enrollment": 136, "urban_rural": "Rural", "altitude_m": 0.0, "tmax_avg_c": 25.0, "pet_avg_c": 28.2, "wbgt_avg_c": 22.8, "heat_days_30": 6, "heat_days_35": 1, "tx90p": 12.7, "wsdi": 6, "wellbeing_score": 51.8, "health_index": 73.8}}, {"type": "Feature", "geometry": {"type": "Point", "coordinates": [-70.50864, -23.97261]}, "properties": {"school_id": "CL0082", "school_name": "Escuela Villa del Sol 82", "country": "CL", "admin1": "Antofagasta", "admin2": "Antofagasta - Comuna 11", "level": "Secundaria", "sector": "Publico", "enrollment": 274, "urban_rural": "Urbano", "altitude_m": 0.0, "tmax_avg_c": 23.4, "pet_avg_c": 27.1, "wbgt_avg_c": 21.5, "heat_days_30": 1, "heat_days_35": 0, "tx90p": 13.1, "wsdi": 6, "wellbeing_score": 56.5, "health_index": 79.5}}, {"type": "Feature", "geometry": {"type": "Point", "coordinates": [-71.2082, -29.59292]}, "properties": {"school_id": "CL0083", "school_name": "Escuela El Bosque 83", "country": "CL", "admin1": "Coquimbo", "admin2": "Coquimbo - Comuna 12", "level": "Inicial", "sector": "Publico", "enrollment": 170, "urban_rural": "Urbano", "altitude_m": 94.7, "tmax_avg_c": 28.6, "pet_avg_c": 31.4, "wbgt_avg_c": 25.6, "heat_days_30": 64, "heat_days_35": 15, "tx90p": 7.7, "wsdi": 30, "wellbeing_score": 65.9, "health_index": 81.1}}, {"type": "Feature", "geometry": {"type": "Point", "coordinates": [-70.87512, -33.00865]}, "properties": {"school_id": "CL0084", "school_name": "Escuela Las Colinas 84", "country": "CL", "admin1": "Valparaiso", "admin2": "Valparaiso - Comuna 1", "level": "Secundaria", "sector": "Publico", "enrollment": 302, "urban_rural": "Rural", "altitude_m": 0.0, "tmax_avg_c": 27.9, "pet_avg_c": 29.6, "wbgt_avg_c": 26.0, "heat_days_30": 70, "heat_days_35": 8, "tx90p": 8.9, "wsdi": 32, "wellbeing_score": 43.0, "health_index": 78.5}}, {"type": "Feature", "geometry": {"type": "Point", "coordinates": [-71.83409, -34.05685]}, "properties": {"school_id": "CL0085", "school_name": "Escuela Nueva Esperanza 85", "country": "CL", "admin1": "Metropolitana", "admin2": "Metropolitana - Comuna 2", "level": "Secundaria", "sector": "Publico", "enrollment": 940, "urban_rural": "Rural", "altitude_m": 566.6, "tmax_avg_c": 28.5, "pet_avg_c": 33.7, "wbgt_avg_c": 27.2, "heat_days_30": 73, "heat_days_35": 18, "tx90p": 13.8, "wsdi": 32, "wellbeing_score": 71.8, "health_index": 79.0}}, {"type": "Feature", "geometry": {"type": "Point", "coordinates": [-70.87, -34.44892]}, "properties": {"school_id": "CL0086", "school_name": "Escuela Los Andes 86", "country": "CL", "admin1": "Ohiggins", "admin2": "Ohiggins - Comuna 3", "level": "Secundaria", "sector": "Publico", "enrollment": 226, "urban_rural": "Rural", "altitude_m": 207.5, "tmax_avg_c": 30.9, "pet_avg_c": 32.9, "wbgt_avg_c": 27.3, "heat_days_30": 109, "heat_days_35": 30, "tx90p": 18.4, "wsdi": 44, "wellbeing_score": 65.1, "health_index": 60.8}}, {"type": "Feature", "geometry": {"type": "Point", "coordinates": [-71.81787, -36.01581]}, "properties": {"school_id": "CL0087", "school_name": "Escuela Buenos Aires 87", "country": "CL", "admin1": "Maule", "admin2": "Maule - Comuna 4", "level": "Inicial", "sector": "Publico", "enrollment": 246, "urban_rural": "Rural", "altitude_m": 26.9, "tmax_avg_c": 29.7, "pet_avg_c": 32.9, "wbgt_avg_c": 27.7, "heat_days_30": 85, "heat_days_35": 15, "tx90p": 8.2, "wsdi": 31, "wellbeing_score": 71.5, "health_index": 62.9}}, {"type": "Feature", "geometry": {"type": "Point", "coordinates": [-72.82055, -37.36158]}, "properties": {"school_id": "CL0088", "school_name": "Escuela El Bosque 88", "country": "CL", "admin1": "Biobio", "admin2": "Biobio - Comuna 5", "level": "Secundaria", "sector": "Publico", "enrollment": 262, "urban_rural": "Urbano", "altitude_m": 0.0, "tmax_avg_c": 24.2, "pet_avg_c": 28.5, "wbgt_avg_c": 23.0, "heat_days_30": 0, "heat_days_35": 0, "tx90p": 6.4, "wsdi": 2, "wellbeing_score": 34.4, "health_index": 87.5}}, {"type": "Feature", "geometry": {"type": "Point", "coordinates": [-72.71362, -39.49178]}, "properties": {"school_id": "CL0089", "school_name": "Escuela Buenos Aires 89", "country": "CL", "admin1": "Araucania", "admin2": "Araucania - Comuna 6", "level": "Secundaria", "sector": "Privado", "enrollment": 109, "urban_rural": "Rural", "altitude_m": 0.0, "tmax_avg_c": 22.0, "pet_avg_c": 25.4, "wbgt_avg_c": 20.9, "heat_days_30": 0, "heat_days_35": 0, "tx90p": 9.4, "wsdi": 1, "wellbeing_score": 53.1, "health_index": 79.8}}, {"type": "Feature", "geometry": {"type": "Point", "coordinates": [-71.80669, -42.54809]}, "properties": {"school_id": "CL0090", "school_name": "Escuela Los Andes 90", "country": "CL", "admin1": "Los Lagos", "admin2": "Los Lagos - Comuna 7", "level": "Primaria", "sector": "Privado", "enrollment": 265, "urban_rural": "Urbano", "altitude_m": 0.0, "tmax_avg_c": 17.2, "pet_avg_c": 20.6, "wbgt_avg_c": 13.9, "heat_days_30": 0, "heat_days_35": 0, "tx90p": 14.4, "wsdi": 0, "wellbeing_score": 73.1, "health_index": 76.1}}, {"type": "Feature", "geometry": {"type": "Point", "coordinates": [-70.48314, -19.02348]}, "properties": {"school_id": "CL0091", "school_name": "Escuela Jose Marti 91", "country": "CL", "admin1": "Tarapaca", "admin2": "Tarapaca - Comuna 8", "level": "Primaria", "sector": "Privado", "enrollment": 314, "urban_rural": "Urbano", "altitude_m": 129.1, "tmax_avg_c": 23.0, "pet_avg_c": 27.4, "wbgt_avg_c": 20.4, "heat_days_30": 0, "heat_days_35": 0, "tx90p": 9.9, "wsdi": 0, "wellbeing_score": 55.4, "health_index": 90.4}}, {"type": "Feature", "geometry": {"type": "Point", "coordinates": [-71.13035, -24.1895]}, "properties": {"school_id": "CL0092", "school_name": "Escuela Nueva Esperanza 92", "country": "CL", "admin1": "Antofagasta", "admin2": "Antofagasta - Comuna 9", "level": "Inicial", "sector": "Publico", "enrollment": 482, "urban_rural": "Urbano", "altitude_m": 141.6, "tmax_avg_c": 24.5, "pet_avg_c": 27.1, "wbgt_avg_c": 23.5, "heat_days_30": 16, "heat_days_35": 1, "tx90p": 12.8, "wsdi": 8, "wellbeing_score": 61.1, "health_index": 76.7}}, {"type": "Feature", "geometry": {"type": "Point", "coordinates": [-70.94407, -29.16949]}, "properties": {"school_id": "CL0093", "school_name": "Escuela Amanecer 93", "country": "CL", "admin1": "Coquimbo", "admin2": "Coquimbo - Comuna 10", "level": "Inicial", "sector": "Subvencionado", "enrollment": 798, "urban_rural": "Rural", "altitude_m": 84.7, "tmax_avg_c": 28.4, "pet_avg_c": 32.9, "wbgt_avg_c": 25.0, "heat_days_30": 87, "heat_days_35": 18, "tx90p": 9.9, "wsdi": 38, "wellbeing_score": 57.9, "health_index": 62.8}}, {"type": "Feature", "geometry": {"type": "Point", "coordinates": [-72.62134, -34.00575]}, "properties": {"school_id": "CL0094", "school_name": "Escuela Villa del Sol 94", "country": "CL", "admin1": "Valparaiso", "admin2": "Valparaiso - Comuna 11", "level": "Inicial", "sector": "Publico", "enrollment": 291, "urban_rural": "Urbano", "altitude_m": 119.5, "tmax_avg_c": 27.4, "pet_avg_c": 30.0, "wbgt_avg_c": 24.0, "heat_days_30": 60, "heat_days_35": 15, "tx90p": 13.5, "wsdi": 16, "wellbeing_score": 70.9, "health_index": 81.1}}, {"type": "Feature", "geometry": {"type": "Point", "coordinates": [-70.00459, -33.08542]}, "properties": {"school_id": "CL0095", "school_name": "Escuela Buenos Aires 95", "country": "CL", "admin1": "Metropolitana", "admin2": "Metropolitana - Comuna 12", "level": "Secundaria", "sector": "Subvencionado", "enrollment": 141, "urban_rural": "Urbano", "altitude_m": 541.7, "tmax_avg_c": 28.9, "pet_avg_c": 33.3, "wbgt_avg_c": 25.4, "heat_days_30": 72, "heat_days_35": 7, "tx90p": 14.7, "wsdi": 29, "wellbeing_score": 92.6, "health_index": 82.8}}, {"type": "Feature", "geometry": {"type": "Point", "coordinates": [-70.69686, -35.21455]}, "properties": {"school_id": "CL0096", "school_name": "Escuela Simon Bolivar 96", "country": "CL", "admin1": "Ohiggins", "admin2": "Ohiggins - Comuna 1", "level": "Secundaria", "sector": "Privado", "enrollment": 369, "urban_rural": "Rural", "altitude_m": 567.4, "tmax_avg_c": 29.3, "pet_avg_c": 30.9, "wbgt_avg_c": 27.6, "heat_days_30": 65, "heat_days_35": 15, "tx90p": 14.9, "wsdi": 13, "wellbeing_score": 85.0, "health_index": 78.0}}, {"type": "Feature", "geometry": {"type": "Point", "coordinates": [-71.40547, -36.08774]}, "properties": {"school_id": "CL0097", "school_name": "Escuela Las Flores 97", "country": "CL", "admin1": "Maule", "admin2": "Maule - Comuna 2", "level": "Primaria", "sector": "Publico", "enrollment": 199, "urban_rural": "Rural", "altitude_m": 243.6, "tmax_avg_c": 27.1, "pet_avg_c": 29.2, "wbgt_avg_c": 25.2, "heat_days_30": 33, "heat_days_35": 8, "tx90p": 16.2, "wsdi": 13, "wellbeing_score": 44.6, "health_index": 89.0}}, {"type": "Feature", "geometry": {"type": "Point", "coordinates": [-73.463, -35.9054]}, "properties": {"school_id": "CL0098", "school_name": "Escuela Simon Bolivar 98", "country": "CL", "admin1": "Biobio", "admin2": "Biobio - Comuna 3", "level": "Inicial", "sector": "Publico", "enrollment": 203, "urban_rural": "Urbano", "altitude_m": 155.0, "tmax_avg_c": 24.3, "pet_avg_c": 28.1, "wbgt_avg_c": 21.6, "heat_days_30": 6, "heat_days_35": 1, "tx90p": 15.9, "wsdi": 5, "wellbeing_score": 74.3, "health_index": 75.1}}, {"type": "Feature", "geometry": {"type": "Point", "coordinates": [-72.59186, -39.19001]}, "properties": {"school_id": "CL0099", "school_name": "Escuela Simon Bolivar 99", "country": "CL", "admin1": "Araucania", "admin2": "Araucania - Comuna 4", "level": "Secundaria", "sector": "Privado", "enrollment": 215, "urban_rural": "Rural", "altitude_m": 99.6, "tmax_avg_c": 18.4, "pet_avg_c": 20.5, "wbgt_avg_c": 16.4, "heat_days_30": 0, "heat_days_35": 0, "tx90p": 10.8, "wsdi": 0, "wellbeing_score": 67.3, "health_index": 84.6}}, {"type": "Feature", "geometry": {"type": "Point", "coordinates": [-73.53218, -40.44601]}, "properties": {"school_id": "CL0100", "school_name": "Escuela El Bosque 100", "country": "CL", "admin1": "Los Lagos", "admin2": "Los Lagos - Comuna 5", "level": "Primaria", "sector": "Subvencionado", "enrollment": 308, "urban_rural": "Urbano", "altitude_m": 0.0, "tmax_avg_c": 21.4, "pet_avg_c": 23.7, "wbgt_avg_c": 19.4, "heat_days_30": 0, "heat_days_35": 0, "tx90p": 9.4, "wsdi": 2, "wellbeing_score": 68.9, "health_index": 78.8}}, {"type": "Feature", "geometry": {"type": "Point", "coordinates": [-71.02709, -20.46632]}, "properties": {"school_id": "CL0101", "school_name": "Escuela Villa del Sol 101", "country": "CL", "admin1": "Tarapaca", "admin2": "Tarapaca - Comuna 6", "level": "Primaria", "sector": "Publico", "enrollment": 207, "urban_rural": "Urbano", "altitude_m": 101.6, "tmax_avg_c": 24.8, "pet_avg_c": 28.3, "wbgt_avg_c": 22.5, "heat_days_30": 6, "heat_days_35": 1, "tx90p": 9.2, "wsdi": 3, "wellbeing_score": 69.7, "health_index": 74.9}}, {"type": "Feature", "geometry": {"type": "Point", "coordinates": [-70.33317, -23.45558]}, "properties": {"school_id": "CL0102", "school_name": "Escuela Nueva Esperanza 102", "country": "CL", "admin1": "Antofagasta", "admin2": "Antofagasta - Comuna 7", "level": "Inicial", "sector": "Subvencionado", "enrollment": 173, "urban_rural": "Urbano", "altitude_m": 0.0, "tmax_avg_c": 24.2, "pet_avg_c": 27.5, "wbgt_avg_c": 20.9, "heat_days_30": 0, "heat_days_35": 0, "tx90p": 9.4, "wsdi": 0, "wellbeing_score": 35.9, "health_index": 87.1}}, {"type": "Feature", "geometry": {"type": "Point", "coordinates": [-71.40473, -29.49474]}, "properties": {"school_id": "CL0103", "school_name": "Escuela Alto del Rio 103", "country": "CL", "admin1": "Coquimbo", "admin2": "Coquimbo - Comuna 8", "level": "Secundaria", "sector": "Publico", "enrollment": 350, "urban_rural": "Urbano", "altitude_m": 38.0, "tmax_avg_c": 27.6, "pet_avg_c": 33.1, "wbgt_avg_c": 25.9, "heat_days_30": 43, "heat_days_35": 9, "tx90p": 11.9, "wsdi": 9, "wellbeing_score": 66.0, "health_index": 79.3}}, {"type": "Feature", "geometry": {"type": "Point", "coordinates": [-71.7234, -33.49463]}, "properties": {"school_id": "CL0104", "school_name": "Escuela El Progreso 104", "country": "CL", "admin1": "Valparaiso", "admin2": "Valparaiso - Comuna 9", "level": "Primaria", "sector": "Subvencionado", "enrollment": 206, "urban_rural": "Urbano", "altitude_m": 0.0, "tmax_avg_c": 25.7, "pet_avg_c": 30.6, "wbgt_avg_c": 22.5, "heat_days_30": 25, "heat_days_35": 1, "tx90p": 12.1, "wsdi": 9, "wellbeing_score": 52.1, "health_index": 54.6}}, {"type": "Feature", "geometry": {"type": "Point", "coordinates": [-70.15284, -33.20989]}, "properties": {"school_id": "CL0105", "school_name": "Escuela Villa del Sol 105", "country": "CL", "admin1": "Metropolitana", "admin2": "Metropolitana - Comuna 10", "level": "Secundaria", "sector": "Publico", "enrollment": 163, "urban_rural": "Urbano", "altitude_m": 236.4, "tmax_avg_c": 30.8, "pet_avg_c": 34.2, "wbgt_avg_c": 29.7, "heat_days_30": 102, "heat_days_35": 25, "tx90p": 9.1, "wsdi": 18, "wellbeing_score": 78.9, "health_index": 65.7}}, {"type": "Feature", "geometry": {"type": "Point", "coordinates": [-70.68775, -34.96537]}, "properties": {"school_id": "CL0106", "school_name": "Escuela Villa del Sol 106", "country": "CL", "admin1": "Ohiggins", "admin2": "Ohiggins - Comuna 11", "level": "Primaria", "sector": "Subvencionado", "enrollment": 349, "urban_rural": "Rural", "altitude_m": 306.7, "tmax_avg_c": 30.6, "pet_avg_c": 34.3, "wbgt_avg_c": 28.2, "heat_days_30": 98, "heat_days_35": 7, "tx90p": 14.1, "wsdi": 29, "wellbeing_score": 66.4, "health_index": 60.7}}, {"type": "Feature", "geometry": {"type": "Point", "coordinates": [-72.01748, -34.92442]}, "properties": {"school_id": "CL0107", "school_name": "Escuela Los Andes 107", "country": "CL", "admin1": "Maule", "admin2": "Maule - Comuna 12", "level": "Secundaria", "sector": "Publico", "enrollment": 464, "urban_rural": "Rural", "altitude_m": 324.8, "tmax_avg_c": 27.4, "pet_avg_c": 31.7, "wbgt_avg_c": 24.0, "heat_days_30": 52, "heat_days_35": 6, "tx90p": 10.0, "wsdi": 9, "wellbeing_score": 68.6, "health_index": 81.9}}, {"type": "Feature", "geometry": {"type": "Point", "coordinates": [-73.68975, -36.93974]}, "properties": {"school_id": "CL0108", "school_name": "Escuela Santa Rosa 108", "country": "CL", "admin1": "Biobio", "admin2": "Biobio - Comuna 1", "level": "Secundaria", "sector": "Subvencionado", "enrollment": 299, "urban_rural": "Urbano", "altitude_m": 0.0, "tmax_avg_c": 24.9, "pet_avg_c": 30.3, "wbgt_avg_c": 21.9, "heat_days_30": 18, "heat_days_35": 3, "tx90p": 7.4, "wsdi": 2, "wellbeing_score": 79.2, "health_index": 97.0}}, {"type": "Feature", "geometry": {"type": "Point", "coordinates": [-72.41081, -38.4212]}, "properties": {"school_id": "CL0109", "school_name": "Escuela Villa del Sol 109", "country": "CL", "admin1": "Araucania", "admin2": "Araucania - Comuna 2", "level": "Inicial", "sector": "Subvencionado", "enrollment": 226, "urban_rural": "Rural", "altitude_m": 143.3, "tmax_avg_c": 24.4, "pet_avg_c": 27.1, "wbgt_avg_c": 21.9, "heat_days_30": 9, "heat_days_35": 2, "tx90p": 4.6, "wsdi": 1, "wellbeing_score": 59.0, "health_index": 87.2}}, {"type": "Feature", "geometry": {"type": "Point", "coordinates": [-73.40193, -41.1698]}, "properties": {"school_id": "CL0110", "school_name": "Escuela Las Flores 110", "country": "CL", "admin1": "Los Lagos", "admin2": "Los Lagos - Comuna 3", "level": "Primaria", "sector": "Publico", "enrollment": 220, "urban_rural": "Urbano", "altitude_m": 0.0, "tmax_avg_c": 20.6, "pet_avg_c": 23.5, "wbgt_avg_c": 17.1, "heat_days_30": 0, "heat_days_35": 0, "tx90p": 11.1, "wsdi": 0, "wellbeing_score": 50.9, "health_index": 89.5}}, {"type": "Feature", "geometry": {"type": "Point", "coordinates": [-70.03936, -20.46554]}, "properties": {"school_id": "CL0111", "school_name": "Escuela Los Alamos 111", "country": "CL", "admin1": "Tarapaca", "admin2": "Tarapaca - Comuna 4", "level": "Inicial", "sector": "Subvencionado", "enrollment": 237, "urban_rural": "Urbano", "altitude_m": 74.0, "tmax_avg_c": 26.3, "pet_avg_c": 29.8, "wbgt_avg_c": 24.4, "heat_days_30": 46, "heat_days_35": 4, "tx90p": 12.5, "wsdi": 21, "wellbeing_score": 73.7, "health_index": 81.7}}, {"type": "Feature", "geometry": {"type": "Point", "coordinates": [-69.94117, -24.31665]}, "properties": {"school_id": "CL0112", "school_name": "Escuela Alto del Rio 112", "country": "CL", "admin1": "Antofagasta", "admin2": "Antofagasta - Comuna 5", "level": "Primaria", "sector": "Publico", "enrollment": 374, "urban_rural": "Urbano", "altitude_m": 92.7, "tmax_avg_c": 24.4, "pet_avg_c": 28.1, "wbgt_avg_c": 22.3, "heat_days_30": 5, "heat_days_35": 1, "tx90p": 10.4, "wsdi": 0, "wellbeing_score": 69.0, "health_index": 81.1}}, {"type": "Feature", "geometry": {"type": "Point", "coordinates": [-71.48952, -29.5098]}, "properties": {"school_id": "CL0113", "school_name": "Escuela El Bosque 113", "country": "CL", "admin1": "Coquimbo", "admin2": "Coquimbo - Comuna 6", "level": "Secundaria", "sector": "Subvencionado", "enrollment": 237, "urban_rural": "Urbano", "altitude_m": 91.6, "tmax_avg_c": 27.7, "pet_avg_c": 30.3, "wbgt_avg_c": 24.0, "heat_days_30": 48, "heat_days_35": 3, "tx90p": 12.1, "wsdi": 14, "wellbeing_score": 42.4, "health_index": 73.8}}, {"type": "Feature", "geometry": {"type": "Point", "coordinates": [-71.12142, -33.93351]}, "properties": {"school_id": "CL0114", "school_name": "Escuela Las Flores 114", "country": "CL", "admin1": "Valparaiso", "admin2": "Valparaiso - Comuna 7", "level": "Inicial", "sector": "Subvencionado", "enrollment": 175, "urban_rural": "Rural", "altitude_m": 176.0, "tmax_avg_c": 28.2, "pet_avg_c": 33.3, "wbgt_avg_c": 26.7, "heat_days_30": 84, "heat_days_35": 5, "tx90p": 13.2, "wsdi": 11, "wellbeing_score": 65.8, "health_index": 82.6}}, {"type": "Feature", "geometry": {"type": "Point", "coordinates": [-70.5189, -33.96004]}, "properties": {"school_id": "CL0115", "school_name": "Escuela Amanecer 115", "country": "CL", "admin1": "Metropolitana", "admin2": "Metropolitana - Comuna 8", "level": "Secundaria", "sector": "Publico", "enrollment": 347, "urban_rural": "Urbano", "altitude_m": 637.0, "tmax_avg_c": 26.6, "pet_avg_c": 29.9, "wbgt_avg_c": 23.3, "heat_days_30": 31, "heat_days_35": 6, "tx90p": 10.6, "wsdi": 14, "wellbeing_score": 79.7, "health_index": 91.5}}, {"type": "Feature", "geometry": {"type": "Point", "coordinates": [-70.30942, -34.72793]}, "properties": {"school_id": "CL0116", "school_name": "Escuela Jose Marti 116", "country": "CL", "admin1": "Ohiggins", "admin2": "Ohiggins - Comuna 9", "level": "Primaria", "sector": "Publico", "enrollment": 274, "urban_rural": "Urbano", "altitude_m": 234.1, "tmax_avg_c": 29.7, "pet_avg_c": 34.1, "wbgt_avg_c": 27.1, "heat_days_30": 91, "heat_days_35": 18, "tx90p": 10.7, "wsdi": 24, "wellbeing_score": 57.7, "health_index": 72.4}}, {"type": "Feature", "geometry": {"type": "Point", "coordinates": [-72.03083, -35.66612]}, "properties": {"school_id": "CL0117", "school_name": "Escuela Nueva Esperanza 117", "country": "CL", "admin1": "Maule", "admin2": "Maule - Comuna 10", "level": "Primaria", "sector": "Publico", "enrollment": 259, "urban_rural": "Urbano", "altitude_m": 0.0, "tmax_avg_c": 28.7, "pet_avg_c": 30.3, "wbgt_avg_c": 27.1, "heat_days_30": 71, "heat_days_35": 4, "tx90p": 10.1, "wsdi": 28, "wellbeing_score": 70.8, "health_index": 96.2}}, {"type": "Feature", "geometry": {"type": "Point", "coordinates": [-73.14927, -36.62246]}, "properties": {"school_id": "CL0118", "school_name": "Escuela El Progreso 118", "country": "CL", "admin1": "Biobio", "admin2": "Biobio - Comuna 11", "level": "Primaria", "sector": "Publico", "enrollment": 245, "urban_rural": "Urbano", "altitude_m": 0.0, "tmax_avg_c": 26.4, "pet_avg_c": 29.9, "wbgt_avg_c": 23.3, "heat_days_30": 36, "heat_days_35": 10, "tx90p": 9.8, "wsdi": 8, "wellbeing_score": 43.4, "health_index": 64.4}}, {"type": "Feature", "geometry": {"type": "Point", "coordinates": [-72.3102, -38.59308]}, "properties": {"school_id": "CL0119", "school_name": "Escuela Villa del Sol 119", "country": "CL", "admin1": "Araucania", "admin2": "Araucania - Comuna 12", "level": "Secundaria", "sector": "Subvencionado", "enrollment": 423, "urban_rural": "Rural", "altitude_m": 0.0, "tmax_avg_c": 22.2, "pet_avg_c": 26.4, "wbgt_avg_c": 20.8, "heat_days_30": 0, "heat_days_35": 0, "tx90p": 4.5, "wsdi": 0, "wellbeing_score": 83.3, "health_index": 76.1}}, {"type": "Feature", "geometry": {"type": "Point", "coordinates": [-73.03257, -41.18844]}, "properties": {"school_id": "CL0120", "school_name": "Escuela Alto del Rio 120", "country": "CL", "admin1": "Los Lagos", "admin2": "Los Lagos - Comuna 1", "level": "Primaria", "sector": "Publico", "enrollment": 482, "urban_rural": "Urbano", "altitude_m": 177.2, "tmax_avg_c": 19.9, "pet_avg_c": 23.9, "wbgt_avg_c": 16.3, "heat_days_30": 0, "heat_days_35": 0, "tx90p": 11.2, "wsdi": 0, "wellbeing_score": 64.6, "health_index": 78.3}}, {"type": "Feature", "geometry": {"type": "Point", "coordinates": [-71.18502, -20.2807]}, "properties": {"school_id": "CL0121", "school_name": "Escuela Los Alamos 121", "country": "CL", "admin1": "Tarapaca", "admin2": "Tarapaca - Comuna 2", "level": "Inicial", "sector": "Publico", "enrollment": 283, "urban_rural": "Urbano", "altitude_m": 0.0, "tmax_avg_c": 25.6, "pet_avg_c": 30.5, "wbgt_avg_c": 22.5, "heat_days_30": 39, "heat_days_35": 6, "tx90p": 7.4, "wsdi": 12, "wellbeing_score": 61.8, "health_index": 88.3}}, {"type": "Feature", "geometry": {"type": "Point", "coordinates": [-70.13122, -23.35956]}, "properties": {"school_id": "CL0122", "school_name": "Escuela El Bosque 122", "country": "CL", "admin1": "Antofagasta", "admin2": "Antofagasta - Comuna 3", "level": "Primaria", "sector": "Publico", "enrollment": 191, "urban_rural": "Urbano", "altitude_m": 0.0, "tmax_avg_c": 24.3, "pet_avg_c": 27.3, "wbgt_avg_c": 22.8, "heat_days_30": 18, "heat_days_35": 2, "tx90p": 8.1, "wsdi": 1, "wellbeing_score": 80.7, "health_index": 89.7}}, {"type": "Feature", "geometry": {"type": "Point", "coordinates": [-71.36507, -30.20919]}, "properties": {"school_id": "CL0123", "school_name": "Escuela Villa del Sol 123", "country": "CL", "admin1": "Coquimbo", "admin2": "Coquimbo - Comuna 4", "level": "Secundaria", "sector": "Privado", "enrollment": 180, "urban_rural": "Urbano", "altitude_m": 0.0, "tmax_avg_c": 29.0, "pet_avg_c": 31.0, "wbgt_avg_c": 26.5, "heat_days_30": 68, "heat_days_35": 3, "tx90p": 12.6, "wsdi": 19, "wellbeing_score": 51.8, "health_index": 71.7}}, {"type": "Feature", "geometry": {"type": "Point", "coordinates": [-71.74524, -34.04208]}, "properties": {"school_id": "CL0124", "school_name": "Escuela Simon Bolivar 124", "country": "CL", "admin1": "Valparaiso", "admin2": "Valparaiso - Comuna 5", "level": "Secundaria", "sector": "Privado", "enrollment": 303, "urban_rural": "Rural", "altitude_m": 38.8, "tmax_avg_c": 26.9, "pet_avg_c": 29.9, "wbgt_avg_c": 24.8, "heat_days_30": 48, "heat_days_35": 8, "tx90p": 11.5, "wsdi": 12, "wellbeing_score": 72.7, "health_index": 80.2}}, {"type": "Feature", "geometry": {"type": "Point", "coordinates": [-70.94847, -34.44058]}, "properties": {"school_id": "CL0125", "school_name": "Escuela Buenos Aires 125", "country": "CL", "admin1": "Metropolitana", "admin2": "Metropolitana - Comuna 6", "level": "Inicial", "sector": "Publico", "enrollment": 198, "urban_rural": "Urbano", "altitude_m": 425.5, "tmax_avg_c": 29.1, "pet_avg_c": 32.0, "wbgt_avg_c": 26.3, "heat_days_30": 82, "heat_days_35": 6, "tx90p": 17.2, "wsdi": 23, "wellbeing_score": 68.5, "health_index": 80.6}}, {"type": "Feature", "geometry": {"type": "Point", "coordinates": [-70.11995, -33.09162]}, "properties": {"school_id": "CL0126", "school_name": "Escuela Las Colinas 126", "country": "CL", "admin1": "Ohiggins", "admin2": "Ohiggins - Comuna 7", "level": "Inicial", "sector": "Publico", "enrollment": 142, "urban_rural": "Urbano", "altitude_m": 296.3, "tmax_avg_c": 29.8, "pet_avg_c": 33.5, "wbgt_avg_c": 26.2, "heat_days_30": 93, "heat_days_35": 7, "tx90p": 9.9, "wsdi": 40, "wellbeing_score": 72.5, "health_index": 69.6}}, {"type": "Feature", "geometry": {"type": "Point", "coordinates": [-71.66609, -35.22259]}, "properties": {"school_id": "CL0127", "school_name": "Escuela Las Colinas 127", "country": "CL", "admin1": "Maule", "admin2": "Maule - Comuna 8", "level": "Primaria", "sector": "Publico", "enrollment": 263, "urban_rural": "Urbano", "altitude_m": 235.1, "tmax_avg_c": 29.8, "pet_avg_c": 32.9, "wbgt_avg_c": 27.3, "heat_days_30": 78, "heat_days_35": 13, "tx90p": 14.2, "wsdi": 39, "wellbeing_score": 79.3, "health_index": 71.1}}, {"type": "Feature", "geometry": {"type": "Point", "coordinates": [-72.22944, -36.60192]}, "properties": {"school_id": "CL0128", "school_name": "Escuela San Martin 128", "country": "CL", "admin1": "Biobio", "admin2": "Biobio - Comuna 9", "level": "Secundaria", "sector": "Publico", "enrollment": 244, "urban_rural": "Rural", "altitude_m": 154.9, "tmax_avg_c": 25.8, "pet_avg_c": 29.8, "wbgt_avg_c": 22.0, "heat_days_30": 0, "heat_days_35": 0, "tx90p": 16.9, "wsdi": 0, "wellbeing_score": 55.7, "health_index": 83.3}}, {"type": "Feature", "geometry": {"type": "Point", "coordinates": [-73.34879, -39.27441]}, "properties": {"school_id": "CL0129", "school_name": "Escuela El Bosque 129", "country": "CL", "admin1": "Araucania", "admin2": "Araucania - Comuna 10", "level": "Inicial", "sector": "Subvencionado", "enrollment": 416, "urban_rural": "Urbano", "altitude_m": 44.8, "tmax_avg_c": 21.3, "pet_avg_c": 22.9, "wbgt_avg_c": 18.1, "heat_days_30": 0, "heat_days_35": 0, "tx90p": 9.1, "wsdi": 1, "wellbeing_score": 73.4, "health_index": 89.5}}, {"type": "Feature", "geometry": {"type": "Point", "coordinates": [-72.69269, -41.14852]}, "properties": {"school_id": "CL0130", "school_name": "Escuela Buenos Aires 130", "country": "CL", "admin1": "Los Lagos", "admin2": "Los Lagos - Comuna 11", "level": "Primaria", "sector": "Publico", "enrollment": 300, "urban_rural": "Urbano", "altitude_m": 0.0, "tmax_avg_c": 18.1, "pet_avg_c": 21.0, "wbgt_avg_c": 16.8, "heat_days_30": 0, "heat_days_35": 0, "tx90p": 11.1, "wsdi": 1, "wellbeing_score": 65.0, "health_index": 73.5}}, {"type": "Feature", "geometry": {"type": "Point", "coordinates": [-69.63434, -19.84741]}, "properties": {"school_id": "CL0131", "school_name": "Escuela San Martin 131", "country": "CL", "admin1": "Tarapaca", "admin2": "Tarapaca - Comuna 12", "level": "Inicial", "sector": "Publico", "enrollment": 184, "urban_rural": "Rural", "altitude_m": 0.0, "tmax_avg_c": 24.3, "pet_avg_c": 29.4, "wbgt_avg_c": 22.3, "heat_days_30": 12, "heat_days_35": 2, "tx90p": 12.9, "wsdi": 2, "wellbeing_score": 45.2, "health_index": 88.7}}, {"type": "Feature", "geometry": {"type": "Point", "coordinates": [-70.21573, -24.12007]}, "properties": {"school_id": "CL0132", "school_name": "Escuela Las Colinas 132", "country": "CL", "admin1": "Antofagasta", "admin2": "Antofagasta - Comuna 1", "level": "Primaria", "sector": "Publico", "enrollment": 446, "urban_rural": "Urbano", "altitude_m": 61.0, "tmax_avg_c": 23.3, "pet_avg_c": 25.7, "wbgt_avg_c": 20.1, "heat_days_30": 0, "heat_days_35": 0, "tx90p": 11.7, "wsdi": 4, "wellbeing_score": 69.7, "health_index": 75.9}}, {"type": "Feature", "geometry": {"type": "Point", "coordinates": [-72.22299, -29.91407]}, "properties": {"school_id": "CL0133", "school_name": "Escuela Simon Bolivar 133", "country": "CL", "admin1": "Coquimbo", "admin2": "Coquimbo - Comuna 2", "level": "Primaria", "sector": "Publico", "enrollment": 220, "urban_rural": "Urbano", "altitude_m": 0.0, "tmax_avg_c": 25.7, "pet_avg_c": 28.3, "wbgt_avg_c": 22.6, "heat_days_30": 25, "heat_days_35": 1, "tx90p": 13.5, "wsdi": 3, "wellbeing_score": 61.7, "health_index": 71.8}}, {"type": "Feature", "geometry": {"type": "Point", "coordinates": [-71.81851, -32.64922]}, "properties": {"school_id": "CL0134", "school_name": "Escuela Jose Marti 134", "country": "CL", "admin1": "Valparaiso", "admin2": "Valparaiso - Comuna 3", "level": "Secundaria", "sector": "Publico", "enrollment": 194, "urban_rural": "Rural", "altitude_m": 173.3, "tmax_avg_c": 27.5, "pet_avg_c": 29.4, "wbgt_avg_c": 24.4, "heat_days_30": 51, "heat_days_35": 8, "tx90p": 15.7, "wsdi": 16, "wellbeing_score": 76.6, "health_index": 85.8}}, {"type": "Feature", "geometry": {"type": "Point", "coordinates": [-70.54148, -33.40124]}, "properties": {"school_id": "CL0135", "school_name": "Escuela Nueva Esperanza 135", "country": "CL", "admin1": "Metropolitana", "admin2": "Metropolitana - Comuna 4", "level": "Secundaria", "sector": "Privado", "enrollment": 230, "urban_rural": "Urbano", "altitude_m": 445.9, "tmax_avg_c": 29.5, "pet_avg_c": 33.0, "wbgt_avg_c": 27.2, "heat_days_30": 81, "heat_days_35": 13, "tx90p": 9.3, "wsdi": 18, "wellbeing_score": 79.8, "health_index": 71.0}}, {"type": "Feature", "geometry": {"type": "Point", "coordinates": [-70.47461, -34.38816]}, "properties": {"school_id": "CL0136", "school_name": "Escuela Los Andes 136", "country": "CL", "admin1": "Ohiggins", "admin2": "Ohiggins - Comuna 5", "level": "Secundaria", "sector": "Publico", "enrollment": 774, "urban_rural": "Urbano", "altitude_m": 305.5, "tmax_avg_c": 27.5, "pet_avg_c": 29.5, "wbgt_avg_c": 24.5, "heat_days_30": 62, "heat_days_35": 14, "tx90p": 14.2, "wsdi": 13, "wellbeing_score": 54.2, "health_index": 80.1}}, {"type": "Feature", "geometry": {"type": "Point", "coordinates": [-71.31825, -35.61074]}, "properties": {"school_id": "CL0137", "school_name": "Escuela El Bosque 137", "country": "CL", "admin1": "Maule", "admin2": "Maule - Comuna 6", "level": "Inicial", "sector": "Publico", "enrollment": 249, "urban_rural": "Urbano", "altitude_m": 34.7, "tmax_avg_c": 27.0, "pet_avg_c": 28.6, "wbgt_avg_c": 25.6, "heat_days_30": 31, "heat_days_35": 4, "tx90p": 3.3, "wsdi": 9, "wellbeing_score": 64.1, "health_index": 77.6}}, {"type": "Feature", "geometry": {"type": "Point", "coordinates": [-73.07292, -36.53407]}, "properties": {"school_id": "CL0138", "school_name": "Escuela El Progreso 138", "country": "CL", "admin1": "Biobio", "admin2": "Biobio - Comuna 7", "level": "Primaria", "sector": "Subvencionado", "enrollment": 301, "urban_rural": "Rural", "altitude_m": 257.1, "tmax_avg_c": 25.6, "pet_avg_c": 27.6, "wbgt_avg_c": 24.5, "heat_days_30": 23, "heat_days_35": 5, "tx90p": 10.3, "wsdi": 6, "wellbeing_score": 66.2, "health_index": 90.6}}, {"type": "Feature", "geometry": {"type": "Point", "coordinates": [-73.39714, -39.42151]}, "properties": {"school_id": "CL0139", "school_name": "Escuela Santa Rosa 139", "country": "CL", "admin1": "Araucania", "admin2": "Araucania - Comuna 8", "level": "Secundaria", "sector": "Publico", "enrollment": 277, "urban_rural": "Rural", "altitude_m": 139.8, "tmax_avg_c": 22.9, "pet_avg_c": 26.2, "wbgt_avg_c": 20.7, "heat_days_30": 0, "heat_days_35": 0, "tx90p": 10.7, "wsdi": 0, "wellbeing_score": 56.7, "health_index": 79.7}}, {"type": "Feature", "geometry": {"type": "Point", "coordinates": [-72.91161, -41.1746]}, "properties": {"school_id": "CL0140", "school_name": "Escuela El Progreso 140", "country": "CL", "admin1": "Los Lagos", "admin2": "Los Lagos - Comuna 9", "level": "Inicial", "sector": "Publico", "enrollment": 195, "urban_rural": "Urbano", "altitude_m": 5.3, "tmax_avg_c": 20.7, "pet_avg_c": 24.5, "wbgt_avg_c": 19.2, "heat_days_30": 0, "heat_days_35": 0, "tx90p": 7.1, "wsdi": 4, "wellbeing_score": 55.3, "health_index": 69.9}}, {"type": "Feature", "geometry": {"type": "Point", "coordinates": [-69.8935, -20.33871]}, "properties": {"school_id": "CL0141", "school_name": "Escuela Alto del Rio 141", "country": "CL", "admin1": "Tarapaca", "admin2": "Tarapaca - Comuna 10", "level": "Secundaria", "sector": "Publico", "enrollment": 260, "urban_rural": "Urbano", "altitude_m": 158.5, "tmax_avg_c": 23.1, "pet_avg_c": 28.4, "wbgt_avg_c": 20.5, "heat_days_30": 0, "heat_days_35": 0, "tx90p": 17.1, "wsdi": 0, "wellbeing_score": 75.1, "health_index": 75.1}}, {"type": "Feature", "geometry": {"type": "Point", "coordinates": [-71.44196, -22.44679]}, "properties": {"school_id": "CL0142", "school_name": "Escuela Simon Bolivar 142", "country": "CL", "admin1": "Antofagasta", "admin2": "Antofagasta - Comuna 11", "level": "Inicial", "sector": "Publico", "enrollment": 259, "urban_rural": "Urbano", "altitude_m": 0.0, "tmax_avg_c": 22.4, "pet_avg_c": 27.8, "wbgt_avg_c": 20.9, "heat_days_30": 0, "heat_days_35": 0, "tx90p": 11.1, "wsdi": 0, "wellbeing_score": 89.3, "health_index": 69.1}}, {"type": "Feature", "geometry": {"type": "Point", "coordinates": [-71.61409, -29.79566]}, "properties": {"school_id": "CL0143", "school_name": "Escuela El Bosque 143", "country": "CL", "admin1": "Coquimbo", "admin2": "Coquimbo - Comuna 12", "level": "Secundaria", "sector": "Publico", "enrollment": 273, "urban_rural": "Urbano", "altitude_m": 81.1, "tmax_avg_c": 25.3, "pet_avg_c": 29.3, "wbgt_avg_c": 22.3, "heat_days_30": 28, "heat_days_35": 2, "tx90p": 15.5, "wsdi": 10, "wellbeing_score": 72.4, "health_index": 76.1}}, {"type": "Feature", "geometry": {"type": "Point", "coordinates": [-72.24817, -32.70426]}, "properties": {"school_id": "CL0144", "school_name": "Escuela Villa del Sol 144", "country": "CL", "admin1": "Valparaiso", "admin2": "Valparaiso - Comuna 1", "level": "Secundaria", "sector": "Privado", "enrollment": 157, "urban_rural": "Urbano", "altitude_m": 0.0, "tmax_avg_c": 26.4, "pet_avg_c": 29.9, "wbgt_avg_c": 23.4, "heat_days_30": 35, "heat_days_35": 2, "tx90p": 8.7, "wsdi": 11, "wellbeing_score": 57.2, "health_index": 87.8}}, {"type": "Feature", "geometry": {"type": "Point", "coordinates": [-70.98023, -32.66922]}, "properties": {"school_id": "CL0145", "school_name": "Escuela Amanecer 145", "country": "CL", "admin1": "Metropolitana", "admin2": "Metropolitana - Comuna 2", "level": "Secundaria", "sector": "Publico", "enrollment": 447, "urban_rural": "Urbano", "altitude_m": 296.0, "tmax_avg_c": 30.8, "pet_avg_c": 33.3, "wbgt_avg_c": 29.2, "heat_days_30": 86, "heat_days_35": 24, "tx90p": 11.0, "wsdi": 16, "wellbeing_score": 67.6, "health_index": 71.6}}, {"type": "Feature", "geometry": {"type": "Point", "coordinates": [-69.64914, -35.01714]}, "properties": {"school_id": "CL0146", "school_name": "Escuela Jose Marti 146", "country": "CL", "admin1": "Ohiggins", "admin2": "Ohiggins - Comuna 3", "level": "Secundaria", "sector": "Publico", "enrollment": 1009, "urban_rural": "Urbano", "altitude_m": 415.9, "tmax_avg_c": 29.3, "pet_avg_c": 33.9, "wbgt_avg_c": 26.8, "heat_days_30": 89, "heat_days_35": 15, "tx90p": 12.2, "wsdi": 15, "wellbeing_score": 75.6, "health_index": 69.5}}, {"type": "Feature", "geometry": {"type": "Point", "coordinates": [-71.54058, -36.86232]}, "properties": {"school_id": "CL0147", "school_name": "Escuela El Progreso 147", "country": "CL", "admin1": "Maule", "admin2": "Maule - Comuna 4", "level": "Primaria", "sector": "Privado", "enrollment": 331, "urban_rural": "Rural", "altitude_m": 152.4, "tmax_avg_c": 27.8, "pet_avg_c": 32.8, "wbgt_avg_c": 25.1, "heat_days_30": 61, "heat_days_35": 7, "tx90p": 9.5, "wsdi": 11, "wellbeing_score": 73.3, "health_index": 54.7}}, {"type": "Feature", "geometry": {"type": "Point", "coordinates": [-73.61276, -37.23233]}, "properties": {"school_id": "CL0148", "school_name": "Escuela El Progreso 148", "country": "CL", "admin1": "Biobio", "admin2": "Biobio - Comuna 5", "level": "Inicial", "sector": "Privado", "enrollment": 185, "urban_rural": "Rural", "altitude_m": 0.0, "tmax_avg_c": 25.9, "pet_avg_c": 30.4, "wbgt_avg_c": 22.3, "heat_days_30": 14, "heat_days_35": 2, "tx90p": 7.8, "wsdi": 1, "wellbeing_score": 59.4, "health_index": 82.6}}, {"type": "Feature", "geometry": {"type": "Point", "coordinates": [-72.72835, -38.30914]}, "properties": {"school_id": "CL0149", "school_name": "Escuela Villa del Sol 149", "country": "CL", "admin1": "Araucania", "admin2": "Araucania - Comuna 6", "level": "Primaria", "sector": "Privado", "enrollment": 550, "urban_rural": "Urbano", "altitude_m": 48.3, "tmax_avg_c": 24.3, "pet_avg_c": 26.5, "wbgt_avg_c": 21.0, "heat_days_30": 9, "heat_days_35": 1, "tx90p": 13.0, "wsdi": 0, "wellbeing_score": 76.6, "health_index": 85.7}}, {"type": "Feature", "geometry": {"type": "Point", "coordinates": [-73.4659, -41.45167]}, "properties": {"school_id": "CL0150", "school_name": "Escuela Amanecer 150", "country": "CL", "admin1": "Los Lagos", "admin2": "Los Lagos - Comuna 7", "level": "Secundaria", "sector": "Subvencionado", "enrollment": 292, "urban_rural": "Urbano", "altitude_m": 0.0, "tmax_avg_c": 18.6, "pet_avg_c": 23.8, "wbgt_avg_c": 15.5, "heat_days_30": 0, "heat_days_35": 0, "tx90p": 9.7, "wsdi": 2, "wellbeing_score": 58.3, "health_index": 71.2}}, {"type": "Feature", "geometry": {"type": "Point", "coordinates": [-69.72158, -19.96827]}, "properties": {"school_id": "CL0151", "school_name": "Escuela Las Flores 151", "country": "CL", "admin1": "Tarapaca", "admin2": "Tarapaca - Comuna 8", "level": "Secundaria", "sector": "Publico", "enrollment": 624, "urban_rural": "Urbano", "altitude_m": 94.9, "tmax_avg_c": 25.1, "pet_avg_c": 29.5, "wbgt_avg_c": 22.9, "heat_days_30": 9, "heat_days_35": 0, "tx90p": 6.4, "wsdi": 2, "wellbeing_score": 67.3, "health_index": 89.8}}, {"type": "Feature", "geometry": {"type": "Point", "coordinates": [-70.37803, -22.64943]}, "properties": {"school_id": "CL0152", "school_name": "Escuela Nueva Esperanza 152", "country": "CL", "admin1": "Antofagasta", "admin2": "Antofagasta - Comuna 9", "level": "Secundaria", "sector": "Publico", "enrollment": 309, "urban_rural": "Urbano", "altitude_m": 31.4, "tmax_avg_c": 22.4, "pet_avg_c": 25.0, "wbgt_avg_c": 18.8, "heat_days_30": 0, "heat_days_35": 0, "tx90p": 9.1, "wsdi": 2, "wellbeing_score": 79.5, "health_index": 82.1}}, {"type": "Feature", "geometry": {"type": "Point", "coordinates": [-71.17114, -30.1031]}, "properties": {"school_id": "CL0153", "school_name": "Escuela Las Flores 153", "country": "CL", "admin1": "Coquimbo", "admin2": "Coquimbo - Comuna 10", "level": "Primaria", "sector": "Publico", "enrollment": 331, "urban_rural": "Urbano", "altitude_m": 0.0, "tmax_avg_c": 28.1, "pet_avg_c": 31.2, "wbgt_avg_c": 26.9, "heat_days_30": 50, "heat_days_35": 12, "tx90p": 9.4, "wsdi": 14, "wellbeing_score": 59.8, "health_index": 74.7}}, {"type": "Feature", "geometry": {"type": "Point", "coordinates": [-71.63442, -32.75242]}, "properties": {"school_id": "CL0154", "school_name": "Escuela El Bosque 154", "country": "CL", "admin1": "Valparaiso", "admin2": "Valparaiso - Comuna 11", "level": "Primaria", "sector": "Publico", "enrollment": 479, "urban_rural": "Urbano", "altitude_m": 216.5, "tmax_avg_c": 26.5, "pet_avg_c": 29.1, "wbgt_avg_c": 24.6, "heat_days_30": 40, "heat_days_35": 6, "tx90p": 7.0, "wsdi": 19, "wellbeing_score": 62.2, "health_index": 69.4}}, {"type": "Feature", "geometry": {"type": "Point", "coordinates": [-70.08061, -32.96039]}, "properties": {"school_id": "CL0155", "school_name": "Escuela Alto del Rio 155", "country": "CL", "admin1": "Metropolitana", "admin2": "Metropolitana - Comuna 12", "level": "Primaria", "sector": "Publico", "enrollment": 169, "urban_rural": "Urbano", "altitude_m": 298.5, "tmax_avg_c": 26.7, "pet_avg_c": 29.4, "wbgt_avg_c": 23.8, "heat_days_30": 39, "heat_days_35": 11, "tx90p": 8.8, "wsdi": 7, "wellbeing_score": 64.0, "health_index": 78.4}}, {"type": "Feature", "geometry": {"type": "Point", "coordinates": [-71.187, -34.06147]}, "properties": {"school_id": "CL0156", "school_name": "Escuela Los Alamos 156", "country": "CL", "admin1": "Ohiggins", "admin2": "Ohiggins - Comuna 1", "level": "Primaria", "sector": "Publico", "enrollment": 504, "urban_rural": "Rural", "altitude_m": 529.8, "tmax_avg_c": 30.6, "pet_avg_c": 34.9, "wbgt_avg_c": 27.7, "heat_days_30": 84, "heat_days_35": 10, "tx90p": 13.0, "wsdi": 33, "wellbeing_score": 71.6, "health_index": 76.0}}, {"type": "Feature", "geometry": {"type": "Point", "coordinates": [-72.37956, -35.21512]}, "properties": {"school_id": "CL0157", "school_name": "Escuela Los Alamos 157", "country": "CL", "admin1": "Maule", "admin2": "Maule - Comuna 2", "level": "Primaria", "sector": "Publico", "enrollment": 485, "urban_rural": "Urbano", "altitude_m": 225.7, "tmax_avg_c": 28.6, "pet_avg_c": 33.9, "wbgt_avg_c": 26.4, "heat_days_30": 49, "heat_days_35": 12, "tx90p": 12.7, "wsdi": 21, "wellbeing_score": 54.6, "health_index": 75.0}}, {"type": "Feature", "geometry": {"type": "Point", "coordinates": [-72.94569, -36.6559]}, "properties": {"school_id": "CL0158", "school_name": "Escuela Nueva Esperanza 158", "country": "CL", "admin1": "Biobio", "admin2": "Biobio - Comuna 3", "level": "Primaria", "sector": "Privado", "enrollment": 217, "urban_rural": "Urbano", "altitude_m": 0.0, "tmax_avg_c": 27.3, "pet_avg_c": 31.3, "wbgt_avg_c": 25.5, "heat_days_30": 65, "heat_days_35": 14, "tx90p": 12.1, "wsdi": 11, "wellbeing_score": 55.6, "health_index": 69.3}}, {"type": "Feature", "geometry": {"type": "Point", "coordinates": [-73.0475, -39.24391]}, "properties": {"school_id": "CL0159", "school_name": "Escuela Alto del Rio 159", "country": "CL", "admin1": "Araucania", "admin2": "Araucania - Comuna 4", "level": "Secundaria", "sector": "Privado", "enrollment": 189, "urban_rural": "Urbano", "altitude_m": 111.9, "tmax_avg_c": 22.5, "pet_avg_c": 27.3, "wbgt_avg_c": 18.7, "heat_days_30": 0, "heat_days_35": 0, "tx90p": 12.4, "wsdi": 0, "wellbeing_score": 66.9, "health_index": 93.7}}, {"type": "Feature", "geometry": {"type": "Point", "coordinates": [-73.28076, -41.57177]}, "properties": {"school_id": "CL0160", "school_name": "Escuela Santa Rosa 160", "country": "CL", "admin1": "Los Lagos", "admin2": "Los Lagos - Comuna 5", "level": "Primaria", "sector": "Publico", "enrollment": 396, "urban_rural": "Urbano", "altitude_m": 48.5, "tmax_avg_c": 19.4, "pet_avg_c": 24.0, "wbgt_avg_c": 17.0, "heat_days_30": 0, "heat_days_35": 0, "tx90p": 13.5, "wsdi": 0, "wellbeing_score": 88.9, "health_index": 73.9}}, {"type": "Feature", "geometry": {"type": "Point", "coordinates": [-69.67723, -20.51226]}, "properties": {"school_id": "CL0161", "school_name": "Escuela Jose Marti 161", "country": "CL", "admin1": "Tarapaca", "admin2": "Tarapaca - Comuna 6", "level": "Primaria", "sector": "Publico", "enrollment": 264, "urban_rural": "Urbano", "altitude_m": 0.0, "tmax_avg_c": 25.5, "pet_avg_c": 27.5, "wbgt_avg_c": 22.2, "heat_days_30": 22, "heat_days_35": 3, "tx90p": 7.2, "wsdi": 6, "wellbeing_score": 71.5, "health_index": 69.9}}, {"type": "Feature", "geometry": {"type": "Point", "coordinates": [-70.3093, -23.57535]}, "properties": {"school_id": "CL0162", "school_name": "Escuela El Progreso 162", "country": "CL", "admin1": "Antofagasta", "admin2": "Antofagasta - Comuna 7", "level": "Primaria", "sector": "Publico", "enrollment": 318, "urban_rural": "Urbano", "altitude_m": 0.0, "tmax_avg_c": 26.8, "pet_avg_c": 29.8, "wbgt_avg_c": 24.8, "heat_days_30": 57, "heat_days_35": 14, "tx90p": 9.0, "wsdi": 29, "wellbeing_score": 63.5, "health_index": 78.1}}, {"type": "Feature", "geometry": {"type": "Point", "coordinates": [-72.47062, -29.85276]}, "properties": {"school_id": "CL0163", "school_name": "Escuela Santa Rosa 163", "country": "CL", "admin1": "Coquimbo", "admin2": "Coquimbo - Comuna 8", "level": "Primaria", "sector": "Publico", "enrollment": 176, "urban_rural": "Urbano", "altitude_m": 2.4, "tmax_avg_c": 27.0, "pet_avg_c": 31.9, "wbgt_avg_c": 23.5, "heat_days_30": 55, "heat_days_35": 13, "tx90p": 17.2, "wsdi": 7, "wellbeing_score": 53.1, "health_index": 79.9}}, {"type": "Feature", "geometry": {"type": "Point", "coordinates": [-71.1409, -33.62036]}, "properties": {"school_id": "CL0164", "school_name": "Escuela Jose Marti 164", "country": "CL", "admin1": "Valparaiso", "admin2": "Valparaiso - Comuna 9", "level": "Inicial", "sector": "Publico", "enrollment": 646, "urban_rural": "Urbano", "altitude_m": 63.5, "tmax_avg_c": 26.1, "pet_avg_c": 28.0, "wbgt_avg_c": 24.4, "heat_days_30": 16, "heat_days_35": 2, "tx90p": 6.7, "wsdi": 4, "wellbeing_score": 48.5, "health_index": 74.2}}, {"type": "Feature", "geometry": {"type": "Point", "coordinates": [-69.50136, -32.88824]}, "properties": {"school_id": "CL0165", "school_name": "Escuela Simon Bolivar 165", "country": "CL", "admin1": "Metropolitana", "admin2": "Metropolitana - Comuna 10", "level": "Primaria", "sector": "Privado", "enrollment": 105, "urban_rural": "Urbano", "altitude_m": 329.7, "tmax_avg_c": 29.0, "pet_avg_c": 32.1, "wbgt_avg_c": 25.4, "heat_days_30": 59, "heat_days_35": 12, "tx90p": 8.0, "wsdi": 21, "wellbeing_score": 61.0, "health_index": 69.0}}, {"type": "Feature", "geometry": {"type": "Point", "coordinates": [-71.18334, -33.93158]}, "properties": {"school_id": "CL0166", "school_name": "Escuela El Bosque 166", "country": "CL", "admin1": "Ohiggins", "admin2": "Ohiggins - Comuna 11", "level": "Secundaria", "sector": "Publico", "enrollment": 142, "urban_rural": "Urbano", "altitude_m": 293.3, "tmax_avg_c": 29.1, "pet_avg_c": 33.8, "wbgt_avg_c": 27.9, "heat_days_30": 76, "heat_days_35": 12, "tx90p": 17.1, "wsdi": 32, "wellbeing_score": 68.4, "health_index": 88.0}}, {"type": "Feature", "geometry": {"type": "Point", "coordinates": [-71.43596, -35.22534]}, "properties": {"school_id": "CL0167", "school_name": "Escuela Las Flores 167", "country": "CL", "admin1": "Maule", "admin2": "Maule - Comuna 12", "level": "Primaria", "sector": "Subvencionado", "enrollment": 498, "urban_rural": "Urbano", "altitude_m": 93.6, "tmax_avg_c": 29.4, "pet_avg_c": 34.5, "wbgt_avg_c": 27.0, "heat_days_30": 77, "heat_days_35": 5, "tx90p": 14.7, "wsdi": 34, "wellbeing_score": 61.7, "health_index": 81.4}}, {"type": "Feature", "geometry": {"type": "Point", "coordinates": [-73.02565, -36.55711]}, "properties": {"school_id": "CL0168", "school_name": "Escuela Los Alamos 168", "country": "CL", "admin1": "Biobio", "admin2": "Biobio - Comuna 1", "level": "Inicial", "sector": "Publico", "enrollment": 204, "urban_rural": "Rural", "altitude_m": 38.0, "tmax_avg_c": 22.6, "pet_avg_c": 24.9, "wbgt_avg_c": 20.5, "heat_days_30": 0, "heat_days_35": 0, "tx90p": 10.4, "wsdi": 0, "wellbeing_score": 75.8, "health_index": 90.2}}, {"type": "Feature", "geometry": {"type": "Point", "coordinates": [-73.21573, -38.38166]}, "properties": {"school_id": "CL0169", "school_name": "Escuela Amanecer 169", "country": "CL", "admin1": "Araucania", "admin2": "Araucania - Comuna 2", "level": "Secundaria", "sector": "Subvencionado", "enrollment": 269, "urban_rural": "Urbano", "altitude_m": 95.8, "tmax_avg_c": 23.8, "pet_avg_c": 28.3, "wbgt_avg_c": 20.4, "heat_days_30": 2, "heat_days_35": 0, "tx90p": 12.2, "wsdi": 0, "wellbeing_score": 56.4, "health_index": 84.1}}, {"type": "Feature", "geometry": {"type": "Point", "coordinates": [-73.00483, -41.38702]}, "properties": {"school_id": "CL0170", "school_name": "Escuela Los Andes 170", "country": "CL", "admin1": "Los Lagos", "admin2": "Los Lagos - Comuna 3", "level": "Secundaria", "sector": "Publico", "enrollment": 301, "urban_rural": "Urbano", "altitude_m": 72.7, "tmax_avg_c": 19.2, "pet_avg_c": 23.3, "wbgt_avg_c": 17.8, "heat_days_30": 0, "heat_days_35": 0, "tx90p": 8.0, "wsdi": 2, "wellbeing_score": 51.9, "health_index": 73.7}}, {"type": "Feature", "geometry": {"type": "Point", "coordinates": [-70.92306, -20.41378]}, "properties": {"school_id": "CL0171", "school_name": "Escuela Las Colinas 171", "country": "CL", "admin1": "Tarapaca", "admin2": "Tarapaca - Comuna 4", "level": "Inicial", "sector": "Publico", "enrollment": 424, "urban_rural": "Urbano", "altitude_m": 41.9, "tmax_avg_c": 26.0, "pet_avg_c": 30.1, "wbgt_avg_c": 22.6, "heat_days_30": 24, "heat_days_35": 2, "tx90p": 7.7, "wsdi": 14, "wellbeing_score": 47.9, "health_index": 86.9}}, {"type": "Feature", "geometry": {"type": "Point", "coordinates": [-70.73526, -24.09957]}, "properties": {"school_id": "CL0172", "school_name": "Escuela San Martin 172", "country": "CL", "admin1": "Antofagasta", "admin2": "Antofagasta - Comuna 5", "level": "Primaria", "sector": "Publico", "enrollment": 383, "urban_rural": "Urbano", "altitude_m": 0.0, "tmax_avg_c": 23.7, "pet_avg_c": 28.3, "wbgt_avg_c": 22.2, "heat_days_30": 3, "heat_days_35": 0, "tx90p": 8.2, "wsdi": 5, "wellbeing_score": 69.2, "health_index": 67.2}}, {"type": "Feature", "geometry": {"type": "Point", "coordinates": [-71.3949, -29.84756]}, "properties": {"school_id": "CL0173", "school_name": "Escuela Buenos Aires 173", "country": "CL", "admin1": "Coquimbo", "admin2": "Coquimbo - Comuna 6", "level": "Secundaria", "sector": "Publico", "enrollment": 232, "urban_rural": "Rural", "altitude_m": 111.5, "tmax_avg_c": 25.9, "pet_avg_c": 29.7, "wbgt_avg_c": 24.7, "heat_days_30": 36, "heat_days_35": 2, "tx90p": 13.3, "wsdi": 18, "wellbeing_score": 63.8, "health_index": 73.1}}, {"type": "Feature", "geometry": {"type": "Point", "coordinates": [-71.87866, -32.38186]}, "properties": {"school_id": "CL0174", "school_name": "Escuela Los Andes 174", "country": "CL", "admin1": "Valparaiso", "admin2": "Valparaiso - Comuna 7", "level": "Secundaria", "sector": "Publico", "enrollment": 372, "urban_rural": "Urbano", "altitude_m": 0.0, "tmax_avg_c": 27.8, "pet_avg_c": 32.4, "wbgt_avg_c": 26.7, "heat_days_30": 73, "heat_days_35": 18, "tx90p": 14.2, "wsdi": 32, "wellbeing_score": 68.0, "health_index": 82.5}}, {"type": "Feature", "geometry": {"type": "Point", "coordinates": [-70.63685, -33.37031]}, "properties": {"school_id": "CL0175", "school_name": "Escuela Las Flores 175", "country": "CL", "admin1": "Metropolitana", "admin2": "Metropolitana - Comuna 8", "level": "Secundaria", "sector": "Publico", "enrollment": 590, "urban_rural": "Urbano", "altitude_m": 477.8, "tmax_avg_c": 29.9, "pet_avg_c": 35.1, "wbgt_avg_c": 27.9, "heat_days_30": 90, "heat_days_35": 16, "tx90p": 12.9, "wsdi": 34, "wellbeing_score": 64.2, "health_index": 67.6}}, {"type": "Feature", "geometry": {"type": "Point", "coordinates": [-70.09588, -33.51577]}, "properties": {"school_id": "CL0176", "school_name": "Escuela Villa del Sol 176", "country": "CL", "admin1": "Ohiggins", "admin2": "Ohiggins - Comuna 9", "level": "Inicial", "sector": "Publico", "enrollment": 249, "urban_rural": "Urbano", "altitude_m": 417.0, "tmax_avg_c": 30.8, "pet_avg_c": 33.4, "wbgt_avg_c": 29.3, "heat_days_30": 118, "heat_days_35": 24, "tx90p": 7.4, "wsdi": 47, "wellbeing_score": 88.8, "health_index": 66.3}}, {"type": "Feature", "geometry": {"type": "Point", "coordinates": [-71.46171, -35.61433]}, "properties": {"school_id": "CL0177", "school_name": "Escuela Las Flores 177", "country": "CL", "admin1": "Maule", "admin2": "Maule - Comuna 10", "level": "Secundaria", "sector": "Subvencionado", "enrollment": 414, "urban_rural": "Rural", "altitude_m": 286.5, "tmax_avg_c": 27.7, "pet_avg_c": 30.8, "wbgt_avg_c": 26.3, "heat_days_30": 92, "heat_days_35": 17, "tx90p": 12.2, "wsdi": 31, "wellbeing_score": 44.1, "health_index": 81.5}}, {"type": "Feature", "geometry": {"type": "Point", "coordinates": [-73.13195, -37.27409]}, "properties": {"school_id": "CL0178", "school_name": "Escuela Las Colinas 178", "country": "CL", "admin1": "Biobio", "admin2": "Biobio - Comuna 11", "level": "Secundaria", "sector": "Privado", "enrollment": 308, "urban_rural": "Urbano", "altitude_m": 126.8, "tmax_avg_c": 25.8, "pet_avg_c": 28.5, "wbgt_avg_c": 22.4, "heat_days_30": 17, "heat_days_35": 5, "tx90p": 11.9, "wsdi": 5, "wellbeing_score": 58.8, "health_index": 77.1}}, {"type": "Feature", "geometry": {"type": "Point", "coordinates": [-73.00062, -38.85322]}, "properties": {"school_id": "CL0179", "school_name": "Escuela Villa del Sol 179", "country": "CL", "admin1": "Araucania", "admin2": "Araucania - Comuna 12", "level": "Primaria", "sector": "Publico", "enrollment": 124, "urban_rural": "Urbano", "altitude_m": 98.8, "tmax_avg_c": 19.8, "pet_avg_c": 24.5, "wbgt_avg_c": 17.8, "heat_days_30": 0, "heat_days_35": 0, "tx90p": 9.5, "wsdi": 0, "wellbeing_score": 81.4, "health_index": 70.9}}, {"type": "Feature", "geometry": {"type": "Point", "coordinates": [-72.75736, -41.67867]}, "properties": {"school_id": "CL0180", "school_name": "Escuela Jose Marti 180", "country": "CL", "admin1": "Los Lagos", "admin2": "Los Lagos - Comuna 1", "level": "Inicial", "sector": "Publico", "enrollment": 223, "urban_rural": "Urbano", "altitude_m": 135.7, "tmax_avg_c": 19.7, "pet_avg_c": 24.5, "wbgt_avg_c": 18.3, "heat_days_30": 0, "heat_days_35": 0, "tx90p": 7.5, "wsdi": 0, "wellbeing_score": 63.9, "health_index": 65.8}}, {"type": "Feature", "geometry": {"type": "Point", "coordinates": [-70.60818, -20.25433]}, "properties": {"school_id": "CL0181", "school_name": "Escuela Santa Rosa 181", "country": "CL", "admin1": "Tarapaca", "admin2": "Tarapaca - Comuna 2", "level": "Inicial", "sector": "Publico", "enrollment": 205, "urban_rural": "Urbano", "altitude_m": 149.8, "tmax_avg_c": 25.2, "pet_avg_c": 29.4, "wbgt_avg_c": 21.9, "heat_days_30": 37, "heat_days_35": 9, "tx90p": 12.2, "wsdi": 10, "wellbeing_score": 50.8, "health_index": 73.0}}, {"type": "Feature", "geometry": {"type": "Point", "coordinates": [-70.44111, -22.71352]}, "properties": {"school_id": "CL0182", "school_name": "Escuela Los Andes 182", "country": "CL", "admin1": "Antofagasta", "admin2": "Antofagasta - Comuna 3", "level": "Secundaria", "sector": "Publico", "enrollment": 129, "urban_rural": "Rural", "altitude_m": 0.0, "tmax_avg_c": 20.8, "pet_avg_c": 24.1, "wbgt_avg_c": 17.5, "heat_days_30": 0, "heat_days_35": 0, "tx90p": 11.8, "wsdi": 0, "wellbeing_score": 91.6, "health_index": 78.7}}, {"type": "Feature", "geometry": {"type": "Point", "coordinates": [-72.08415, -29.73741]}, "properties": {"school_id": "CL0183", "school_name": "Escuela Jose Marti 183", "country": "CL", "admin1": "Coquimbo", "admin2": "Coquimbo - Comuna 4", "level": "Inicial", "sector": "Publico", "enrollment": 150, "urban_rural": "Urbano", "altitude_m": 207.2, "tmax_avg_c": 25.3, "pet_avg_c": 27.6, "wbgt_avg_c": 21.8, "heat_days_30": 11, "heat_days_35": 1, "tx90p": 7.7, "wsdi": 3, "wellbeing_score": 58.6, "health_index": 88.7}}, {"type": "Feature", "geometry": {"type": "Point", "coordinates": [-72.01469, -32.9861]}, "properties": {"school_id": "CL0184", "school_name": "Escuela Jose Marti 184", "country": "CL", "admin1": "Valparaiso", "admin2": "Valparaiso - Comuna 5", "level": "Inicial", "sector": "Privado", "enrollment": 341, "urban_rural": "Urbano", "altitude_m": 98.2, "tmax_avg_c": 27.5, "pet_avg_c": 30.0, "wbgt_avg_c": 25.7, "heat_days_30": 49, "heat_days_35": 2, "tx90p": 11.9, "wsdi": 19, "wellbeing_score": 57.4, "health_index": 79.7}}, {"type": "Feature", "geometry": {"type": "Point", "coordinates": [-70.97154, -34.59786]}, "properties": {"school_id": "CL0185", "school_name": "Escuela Santa Rosa 185", "country": "CL", "admin1": "Metropolitana", "admin2": "Metropolitana - Comuna 6", "level": "Secundaria", "sector": "Publico", "enrollment": 171, "urban_rural": "Urbano", "altitude_m": 516.3, "tmax_avg_c": 28.1, "pet_avg_c": 33.3, "wbgt_avg_c": 25.7, "heat_days_30": 53, "heat_days_35": 8, "tx90p": 9.2, "wsdi": 18, "wellbeing_score": 88.3, "health_index": 64.6}}, {"type": "Feature", "geometry": {"type": "Point", "coordinates": [-70.94093, -33.52559]}, "properties": {"school_id": "CL0186", "school_name": "Escuela Amanecer 186", "country": "CL", "admin1": "Ohiggins", "admin2": "Ohiggins - Comuna 7", "level": "Primaria", "sector": "Privado", "enrollment": 155, "urban_rural": "Rural", "altitude_m": 278.1, "tmax_avg_c": 30.2, "pet_avg_c": 31.9, "wbgt_avg_c": 29.1, "heat_days_30": 139, "heat_days_35": 26, "tx90p": 14.6, "wsdi": 28, "wellbeing_score": 64.5, "health_index": 65.5}}, {"type": "Feature", "geometry": {"type": "Point", "coordinates": [-71.46877, -35.74341]}, "properties": {"school_id": "CL0187", "school_name": "Escuela Los Alamos 187", "country": "CL", "admin1": "Maule", "admin2": "Maule - Comuna 8", "level": "Inicial", "sector": "Publico", "enrollment": 393, "urban_rural": "Rural", "altitude_m": 0.0, "tmax_avg_c": 30.9, "pet_avg_c": 32.9, "wbgt_avg_c": 27.5, "heat_days_30": 95, "heat_days_35": 10, "tx90p": 13.1, "wsdi": 50, "wellbeing_score": 57.3, "health_index": 71.1}}, {"type": "Feature", "geometry": {"type": "Point", "coordinates": [-72.97419, -35.98638]}, "properties": {"school_id": "CL0188", "school_name": "Escuela Nueva Esperanza 188", "country": "CL", "admin1": "Biobio", "admin2": "Biobio - Comuna 9", "level": "Inicial", "sector": "Subvencionado", "enrollment": 148, "urban_rural": "Urbano", "altitude_m": 0.0, "tmax_avg_c": 24.8, "pet_avg_c": 28.8, "wbgt_avg_c": 21.8, "heat_days_30": 15, "heat_days_35": 1, "tx90p": 12.0, "wsdi": 5, "wellbeing_score": 75.5, "health_index": 90.6}}, {"type": "Feature", "geometry": {"type": "Point", "coordinates": [-72.71625, -39.07219]}, "properties": {"school_id": "CL0189", "school_name": "Escuela Los Alamos 189", "country": "CL", "admin1": "Araucania", "admin2": "Araucania - Comuna 10", "level": "Primaria", "sector": "Subvencionado", "enrollment": 222, "urban_rural": "Rural", "altitude_m": 0.0, "tmax_avg_c": 21.4, "pet_avg_c": 26.6, "wbgt_avg_c": 20.2, "heat_days_30": 0, "heat_days_35": 0, "tx90p": 12.0, "wsdi": 0, "wellbeing_score": 64.3, "health_index": 83.9}}, {"type": "Feature", "geometry": {"type": "Point", "coordinates": [-72.93457, -42.37697]}, "properties": {"school_id": "CL0190", "school_name": "Escuela Buenos Aires 190", "country": "CL", "admin1": "Los Lagos", "admin2": "Los Lagos - Comuna 11", "level": "Secundaria", "sector": "Subvencionado", "enrollment": 224, "urban_rural": "Urbano", "altitude_m": 279.1, "tmax_avg_c": 17.8, "pet_avg_c": 20.9, "wbgt_avg_c": 14.1, "heat_days_30": 0, "heat_days_35": 0, "tx90p": 10.2, "wsdi": 1, "wellbeing_score": 55.1, "health_index": 75.1}}, {"type": "Feature", "geometry": {"type": "Point", "coordinates": [-70.73111, -20.50094]}, "properties": {"school_id": "CL0191", "school_name": "Escuela San Martin 191", "country": "CL", "admin1": "Tarapaca", "admin2": "Tarapaca - Comuna 12", "level": "Inicial", "sector": "Privado", "enrollment": 237, "urban_rural": "Urbano", "altitude_m": 186.8, "tmax_avg_c": 24.4, "pet_avg_c": 27.1, "wbgt_avg_c": 21.6, "heat_days_30": 0, "heat_days_35": 0, "tx90p": 13.7, "wsdi": 0, "wellbeing_score": 75.2, "health_index": 90.0}}, {"type": "Feature", "geometry": {"type": "Point", "coordinates": [-69.95456, -22.59982]}, "properties": {"school_id": "CL0192", "school_name": "Escuela Villa del Sol 192", "country": "CL", "admin1": "Antofagasta", "admin2": "Antofagasta - Comuna 1", "level": "Primaria", "sector": "Publico", "enrollment": 415, "urban_rural": "Rural", "altitude_m": 34.0, "tmax_avg_c": 22.8, "pet_avg_c": 26.6, "wbgt_avg_c": 20.4, "heat_days_30": 0, "heat_days_35": 0, "tx90p": 11.4, "wsdi": 0, "wellbeing_score": 65.9, "health_index": 78.3}}, {"type": "Feature", "geometry": {"type": "Point", "coordinates": [-71.20739, -30.42356]}, "properties": {"school_id": "CL0193", "school_name": "Escuela Alto del Rio 193", "country": "CL", "admin1": "Coquimbo", "admin2": "Coquimbo - Comuna 2", "level": "Primaria", "sector": "Subvencionado", "enrollment": 145, "urban_rural": "Rural", "altitude_m": 60.9, "tmax_avg_c": 26.4, "pet_avg_c": 29.3, "wbgt_avg_c": 25.3, "heat_days_30": 41, "heat_days_35": 2, "tx90p": 9.8, "wsdi": 15, "wellbeing_score": 48.0, "health_index": 81.9}}, {"type": "Feature", "geometry": {"type": "Point", "coordinates": [-70.98424, -34.07605]}, "properties": {"school_id": "CL0194", "school_name": "Escuela Los Andes 194", "country": "CL", "admin1": "Valparaiso", "admin2": "Valparaiso - Comuna 3", "level": "Primaria", "sector": "Publico", "enrollment": 335, "urban_rural": "Urbano", "altitude_m": 101.5, "tmax_avg_c": 26.2, "pet_avg_c": 28.6, "wbgt_avg_c": 25.0, "heat_days_30": 46, "heat_days_35": 7, "tx90p": 14.7, "wsdi": 10, "wellbeing_score": 79.4, "health_index": 72.6}}, {"type": "Feature", "geometry": {"type": "Point", "coordinates": [-70.01535, -33.67628]}, "properties": {"school_id": "CL0195", "school_name": "Escuela Villa del Sol 195", "country": "CL", "admin1": "Metropolitana", "admin2": "Metropolitana - Comuna 4", "level": "Secundaria", "sector": "Publico", "enrollment": 222, "urban_rural": "Rural", "altitude_m": 295.6, "tmax_avg_c": 29.4, "pet_avg_c": 31.1, "wbgt_avg_c": 27.0, "heat_days_30": 105, "heat_days_35": 15, "tx90p": 12.4, "wsdi": 48, "wellbeing_score": 85.7, "health_index": 75.6}}, {"type": "Feature", "geometry": {"type": "Point", "coordinates": [-71.12861, -34.24414]}, "properties": {"school_id": "CL0196", "school_name": "Escuela El Progreso 196", "country": "CL", "admin1": "Ohiggins", "admin2": "Ohiggins - Comuna 5", "level": "Secundaria", "sector": "Privado", "enrollment": 171, "urban_rural": "Urbano", "altitude_m": 382.0, "tmax_avg_c": 30.4, "pet_avg_c": 33.5, "wbgt_avg_c": 26.9, "heat_days_30": 71, "heat_days_35": 18, "tx90p": 6.3, "wsdi": 21, "wellbeing_score": 61.5, "health_index": 68.0}}, {"type": "Feature", "geometry": {"type": "Point", "coordinates": [-72.12122, -34.47578]}, "properties": {"school_id": "CL0197", "school_name": "Escuela Los Alamos 197", "country": "CL", "admin1": "Maule", "admin2": "Maule - Comuna 6", "level": "Primaria", "sector": "Publico", "enrollment": 299, "urban_rural": "Urbano", "altitude_m": 33.3, "tmax_avg_c": 27.4, "pet_avg_c": 32.5, "wbgt_avg_c": 24.8, "heat_days_30": 48, "heat_days_35": 5, "tx90p": 16.3, "wsdi": 23, "wellbeing_score": 69.2, "health_index": 74.1}}, {"type": "Feature", "geometry": {"type": "Point", "coordinates": [-72.2638, -36.07627]}, "properties": {"school_id": "CL0198", "school_name": "Escuela Las Colinas 198", "country": "CL", "admin1": "Biobio", "admin2": "Biobio - Comuna 7", "level": "Primaria", "sector": "Privado", "enrollment": 204, "urban_rural": "Urbano", "altitude_m": 190.7, "tmax_avg_c": 26.0, "pet_avg_c": 28.1, "wbgt_avg_c": 22.5, "heat_days_30": 36, "heat_days_35": 6, "tx90p": 10.3, "wsdi": 13, "wellbeing_score": 62.8, "health_index": 79.6}}, {"type": "Feature", "geometry": {"type": "Point", "coordinates": [-71.91957, -38.77112]}, "properties": {"school_id": "CL0199", "school_name": "Escuela Nueva Esperanza 199", "country": "CL", "admin1": "Araucania", "admin2": "Araucania - Comuna 8", "level": "Primaria", "sector": "Publico", "enrollment": 290, "urban_rural": "Urbano", "altitude_m": 0.0, "tmax_avg_c": 24.0, "pet_avg_c": 26.8, "wbgt_avg_c": 20.9, "heat_days_30": 0, "heat_days_35": 0, "tx90p": 10.6, "wsdi": 1, "wellbeing_score": 65.9, "health_index": 77.3}}, {"type": "Feature", "geometry": {"type": "Point", "coordinates": [-72.34174, -40.7647]}, "properties": {"school_id": "CL0200", "school_name": "Escuela Las Colinas 200", "country": "CL", "admin1": "Los Lagos", "admin2": "Los Lagos - Comuna 9", "level": "Inicial", "sector": "Publico", "enrollment": 152, "urban_rural": "Urbano", "altitude_m": 83.2, "tmax_avg_c": 17.5, "pet_avg_c": 19.7, "wbgt_avg_c": 15.2, "heat_days_30": 0, "heat_days_35": 0, "tx90p": 8.5, "wsdi": 0, "wellbeing_score": 77.6, "health_index": 93.2}}]}