{"type": "FeatureCollection", "features": [{"type": "Feature", "geometry": {"type": "Point", "coordinates": [-74.22254, 4.5034]}, "properties": {"school_id": "CO0001", "school_name": "Escuela Villa del Sol 1", "country": "CO", "admin1": "Bogota D.C.", "admin2": "Bogota D.C. - Comuna 2", "level": "Inicial", "sector": "Publico", "enrollment": 359, "urban_rural": "Urbano", "altitude_m": 2535.8, "tmax_avg_c": 22.0, "pet_avg_c": 24.2, "wbgt_avg_c": 20.2, "heat_days_30": 0, "heat_days_35": 0, "tx90p": 13.6, "wsdi": 0, "wellbeing_score": 59.1, "health_index": 92.2}}, {"type": "Feature", "geometry": {"type": "Point", "coordinates": [-75.94684, 6.54921]}, "properties": {"school_id": "CO0002", "school_name": "Escuela Simon Bolivar 2", "country": "CO", "admin1": "Antioquia", "admin2": "Antioquia - Comuna 3", "level": "Primaria", "sector": "Publico", "enrollment": 114, "urban_rural": "Urbano", "altitude_m": 1294.9, "tmax_avg_c": 28.5, "pet_avg_c": 33.5, "wbgt_avg_c": 26.8, "heat_days_30": 66, "heat_days_35": 17, "tx90p": 9.4, "wsdi": 26, "wellbeing_score": 66.0, "health_index": 69.8}}, {"type": "Feature", "geometry": {"type": "Point", "coordinates": [-76.38195, 3.46173]}, "properties": {"school_id": "CO0003", "school_name": "Escuela Los Andes 3", "country": "CO", "admin1": "Valle del Cauca", "admin2": "Valle del Cauca - Comuna 4", "level": "Primaria", "sector": "Publico", "enrollment": 131, "urban_rural": "Urbano", "altitude_m": 971.1, "tmax_avg_c": 25.3, "pet_avg_c": 30.0, "wbgt_avg_c": 23.1, "heat_days_30": 36, "heat_days_35": 4, "tx90p": 12.7, "wsdi": 8, "wellbeing_score": 64.2, "health_index": 68.3}}, {"type": "Feature", "geometry": {"type": "Point", "coordinates": [-74.59744, 11.70434]}, "properties": {"school_id": "CO0004", "school_name": "Escuela Nueva Esperanza 4", "country": "CO", "admin1": "Atlantico", "admin2": "Atlantico - Comuna 5", "level": "Secundaria", "sector": "Publico", "enrollment": 166, "urban_rural": "Urbano", "altitude_m": 0.0, "tmax_avg_c": 31.7, "pet_avg_c": 33.5, "wbgt_avg_c": 29.4, "heat_days_30": 120, "heat_days_35": 34, "tx90p": 12.6, "wsdi": 49, "wellbeing_score": 56.8, "health_index": 71.4}}, {"type": "Feature", "geometry": {"type": "Point", "coordinates": [-73.49846, 7.94585]}, "properties": {"school_id": "CO0005", "school_name": "Escuela Jose Marti 5", "country": "CO", "admin1": "Santander", "admin2": "Santander - Comuna 6", "level": "Secundaria", "sector": "Publico", "enrollment": 267, "urban_rural": "Urbano", "altitude_m": 1196.0, "tmax_avg_c": 28.4, "pet_avg_c": 31.3, "wbgt_avg_c": 26.4, "heat_days_30": 52, "heat_days_35": 11, "tx90p": 15.9, "wsdi": 7, "wellbeing_score": 73.5, "health_index": 72.6}}, {"type": "Feature", "geometry": {"type": "Point", "coordinates": [-73.96204, 5.06302]}, "properties": {"school_id": "CO0006", "school_name": "Escuela Las Flores 6", "country": "CO", "admin1": "Cundinamarca", "admin2": "Cundinamarca - Comuna 7", "level": "Secundaria", "sector": "Publico", "enrollment": 344, "urban_rural": "Urbano", "altitude_m": 2481.2, "tmax_avg_c": 19.5, "pet_avg_c": 23.9, "wbgt_avg_c": 18.3, "heat_days_30": 0, "heat_days_35": 0, "tx90p": 13.1, "wsdi": 0, "wellbeing_score": 58.3, "health_index": 75.2}}, {"type": "Feature", "geometry": {"type": "Point", "coordinates": [-76.02168, 10.34772]}, "properties": {"school_id": "CO0007", "school_name": "Escuela Amanecer 7", "country": "CO", "admin1": "Bolivar", "admin2": "Bolivar - Comuna 8", "level": "Inicial", "sector": "Publico", "enrollment": 332, "urban_rural": "Rural", "altitude_m": 0.0, "tmax_avg_c": 33.3, "pet_avg_c": 35.0, "wbgt_avg_c": 29.9, "heat_days_30": 129, "heat_days_35": 31, "tx90p": 12.8, "wsdi": 60, "wellbeing_score": 59.8, "health_index": 62.3}}, {"type": "Feature", "geometry": {"type": "Point", "coordinates": [-77.00789, 0.08797]}, "properties": {"school_id": "CO0008", "school_name": "Escuela San Martin 8", "country": "CO", "admin1": "Narino", "admin2": "Narino - Comuna 9", "level": "Primaria", "sector": "Publico", "enrollment": 96, "urban_rural": "Urbano", "altitude_m": 2593.1, "tmax_avg_c": 19.0, "pet_avg_c": 24.0, "wbgt_avg_c": 15.1, "heat_days_30": 0, "heat_days_35": 0, "tx90p": 6.8, "wsdi": 3, "wellbeing_score": 67.7, "health_index": 81.4}}, {"type": "Feature", "geometry": {"type": "Point", "coordinates": [-73.79479, 5.15365]}, "properties": {"school_id": "CO0009", "school_name": "Escuela Alto del Rio 9", "country": "CO", "admin1": "Boyaca", "admin2": "Boyaca - Comuna 10", "level": "Secundaria", "sector": "Subvencionado", "enrollment": 248, "urban_rural": "Urbano", "altitude_m": 2896.6, "tmax_avg_c": 19.9, "pet_avg_c": 24.1, "wbgt_avg_c": 17.1, "heat_days_30": 0, "heat_days_35": 0, "tx90p": 12.4, "wsdi": 1, "wellbeing_score": 51.6, "health_index": 83.8}}, {"type": "Feature", "geometry": {"type": "Point", "coordinates": [-76.33758, 4.8618]}, "properties": {"school_id": "CO0010", "school_name": "Escuela El Progreso 10", "country": "CO", "admin1": "Risaralda", "admin2": "Risaralda - Comuna 11", "level": "Primaria", "sector": "Publico", "enrollment": 311, "urban_rural": "Urbano", "altitude_m": 1215.2, "tmax_avg_c": 25.4, "pet_avg_c": 27.9, "wbgt_avg_c": 22.7, "heat_days_30": 18, "heat_days_35": 1, "tx90p": 14.3, "wsdi": 9, "wellbeing_score": 74.3, "health_index": 80.8}}, {"type": "Feature", "geometry": {"type": "Point", "coordinates": [-74.6241, 3.12164]}, "properties": {"school_id": "CO0011", "school_name": "Escuela Alto del Rio 11", "country": "CO", "admin1": "Bogota D.C.", "admin2": "Bogota D.C. - Comuna 12", "level": "Inicial", "sector": "Privado", "enrollment": 194, "urban_rural": "Rural", "altitude_m": 2754.9, "tmax_avg_c": 20.4, "pet_avg_c": 23.8, "wbgt_avg_c": 16.5, "heat_days_30": 0, "heat_days_35": 0, "tx90p": 10.4, "wsdi": 0, "wellbeing_score": 59.2, "health_index": 81.2}}, {"type": "Feature", "geometry": {"type": "Point", "coordinates": [-75.37673, 5.48228]}, "properties": {"school_id": "CO0012", "school_name": "Escuela Nueva Esperanza 12", "country": "CO", "admin1": "Antioquia", "admin2": "Antioquia - Comuna 1", "level": "Primaria", "sector": "Privado", "enrollment": 639, "urban_rural": "Urbano", "altitude_m": 1620.6, "tmax_avg_c": 29.1, "pet_avg_c": 34.5, "wbgt_avg_c": 27.7, "heat_days_30": 76, "heat_days_35": 6, "tx90p": 10.8, "wsdi": 33, "wellbeing_score": 83.8, "health_index": 80.8}}, {"type": "Feature", "geometry": {"type": "Point", "coordinates": [-76.86021, 3.59615]}, "properties": {"school_id": "CO0013", "school_name": "Escuela Los Alamos 13", "country": "CO", "admin1": "Valle del Cauca", "admin2": "Valle del Cauca - Comuna 2", "level": "Secundaria", "sector": "Privado", "enrollment": 196, "urban_rural": "Urbano", "altitude_m": 1147.8, "tmax_avg_c": 30.2, "pet_avg_c": 35.5, "wbgt_avg_c": 28.0, "heat_days_30": 91, "heat_days_35": 16, "tx90p": 8.9, "wsdi": 47, "wellbeing_score": 59.1, "health_index": 76.4}}, {"type": "Feature", "geometry": {"type": "Point", "coordinates": [-74.95558, 11.32341]}, "properties": {"school_id": "CO0014", "school_name": "Escuela Las Colinas 14", "country": "CO", "admin1": "Atlantico", "admin2": "Atlantico - Comuna 3", "level": "Secundaria", "sector": "Publico", "enrollment": 265, "urban_rural": "Urbano", "altitude_m": 44.6, "tmax_avg_c": 34.3, "pet_avg_c": 36.2, "wbgt_avg_c": 30.5, "heat_days_30": 151, "heat_days_35": 43, "tx90p": 9.6, "wsdi": 51, "wellbeing_score": 57.0, "health_index": 76.8}}, {"type": "Feature", "geometry": {"type": "Point", "coordinates": [-72.77456, 7.31898]}, "properties": {"school_id": "CO0015", "school_name": "Escuela Las Flores 15", "country": "CO", "admin1": "Santander", "admin2": "Santander - Comuna 4", "level": "Primaria", "sector": "Subvencionado", "enrollment": 196, "urban_rural": "Urbano", "altitude_m": 790.2, "tmax_avg_c": 26.5, "pet_avg_c": 29.3, "wbgt_avg_c": 24.2, "heat_days_30": 35, "heat_days_35": 7, "tx90p": 12.3, "wsdi": 10, "wellbeing_score": 65.8, "health_index": 75.5}}, {"type": "Feature", "geometry": {"type": "Point", "coordinates": [-73.84615, 4.50314]}, "properties": {"school_id": "CO0016", "school_name": "Escuela Los Alamos 16", "country": "CO", "admin1": "Cundinamarca", "admin2": "Cundinamarca - Comuna 5", "level": "Secundaria", "sector": "Privado", "enrollment": 176, "urban_rural": "Urbano", "altitude_m": 2421.2, "tmax_avg_c": 20.0, "pet_avg_c": 21.7, "wbgt_avg_c": 17.7, "heat_days_30": 0, "heat_days_35": 0, "tx90p": 10.0, "wsdi": 0, "wellbeing_score": 67.1, "health_index": 80.8}}, {"type": "Feature", "geometry": {"type": "Point", "coordinates": [-75.11075, 11.13574]}, "properties": {"school_id": "CO0017", "school_name": "Escuela El Progreso 17", "country": "CO", "admin1": "Bolivar", "admin2": "Bolivar - Comuna 6", "level": "Secundaria", "sector": "Publico", "enrollment": 250, "urban_rural": "Urbano", "altitude_m": 94.0, "tmax_avg_c": 32.6, "pet_avg_c": 35.9, "wbgt_avg_c": 28.9, "heat_days_30": 112, "heat_days_35": 12, "tx90p": 12.8, "wsdi": 51, "wellbeing_score": 55.1, "health_index": 68.1}}, {"type": "Feature", "geometry": {"type": "Point", "coordinates": [-76.7928, 1.17208]}, "properties": {"school_id": "CO0018", "school_name": "Escuela Los Andes 18", "country": "CO", "admin1": "Narino", "admin2": "Narino - Comuna 7", "level": "Primaria", "sector": "Publico", "enrollment": 60, "urban_rural": "Rural", "altitude_m": 2398.3, "tmax_avg_c": 18.6, "pet_avg_c": 21.1, "wbgt_avg_c": 15.1, "heat_days_30": 0, "heat_days_35": 0, "tx90p": 6.4, "wsdi": 0, "wellbeing_score": 71.4, "health_index": 74.6}}, {"type": "Feature", "geometry": {"type": "Point", "coordinates": [-74.00897, 6.09369]}, "properties": {"school_id": "CO0019", "school_name": "Escuela Buenos Aires 19", "country": "CO", "admin1": "Boyaca", "admin2": "Boyaca - Comuna 8", "level": "Inicial", "sector": "Publico", "enrollment": 207, "urban_rural": "Urbano", "altitude_m": 2630.2, "tmax_avg_c": 17.6, "pet_avg_c": 22.8, "wbgt_avg_c": 15.9, "heat_days_30": 0, "heat_days_35": 0, "tx90p": 11.9, "wsdi": 1, "wellbeing_score": 50.6, "health_index": 94.2}}, {"type": "Feature", "geometry": {"type": "Point", "coordinates": [-75.00953, 4.34777]}, "properties": {"school_id": "CO0020", "school_name": "Escuela Villa del Sol 20", "country": "CO", "admin1": "Risaralda", "admin2": "Risaralda - Comuna 9", "level": "Secundaria", "sector": "Publico", "enrollment": 312, "urban_rural": "Urbano", "altitude_m": 1604.9, "tmax_avg_c": 27.2, "pet_avg_c": 29.9, "wbgt_avg_c": 25.2, "heat_days_30": 48, "heat_days_35": 4, "tx90p": 10.7, "wsdi": 8, "wellbeing_score": 78.6, "health_index": 84.0}}, {"type": "Feature", "geometry": {"type": "Point", "coordinates": [-73.64974, 5.4408]}, "properties": {"school_id": "CO0021", "school_name": "Escuela Nueva Esperanza 21", "country": "CO", "admin1": "Bogota D.C.", "admin2": "Bogota D.C. - Comuna 10", "level": "Secundaria", "sector": "Privado", "enrollment": 204, "urban_rural": "Urbano", "altitude_m": 2799.5, "tmax_avg_c": 19.6, "pet_avg_c": 22.5, "wbgt_avg_c": 17.5, "heat_days_30": 0, "heat_days_35": 0, "tx90p": 12.6, "wsdi": 0, "wellbeing_score": 54.5, "health_index": 80.9}}, {"type": "Feature", "geometry": {"type": "Point", "coordinates": [-75.44539, 6.9787]}, "properties": {"school_id": "CO0022", "school_name": "Escuela Buenos Aires 22", "country": "CO", "admin1": "Antioquia", "admin2": "Antioquia - Comuna 11", "level": "Primaria", "sector": "Publico", "enrollment": 355, "urban_rural": "Urbano", "altitude_m": 1517.0, "tmax_avg_c": 26.5, "pet_avg_c": 28.5, "wbgt_avg_c": 25.1, "heat_days_30": 41, "heat_days_35": 12, "tx90p": 12.0, "wsdi": 15, "wellbeing_score": 75.0, "health_index": 74.9}}, {"type": "Feature", "geometry": {"type": "Point", "coordinates": [-76.44569, 2.38122]}, "properties": {"school_id": "CO0023", "school_name": "Escuela Villa del Sol 23", "country": "CO", "admin1": "Valle del Cauca", "admin2": "Valle del Cauca - Comuna 12", "level": "Inicial", "sector": "Publico", "enrollment": 179, "urban_rural": "Rural", "altitude_m": 925.1, "tmax_avg_c": 29.1, "pet_avg_c": 33.8, "wbgt_avg_c": 26.4, "heat_days_30": 74, "heat_days_35": 20, "tx90p": 7.4, "wsdi": 17, "wellbeing_score": 46.6, "health_index": 67.9}}, {"type": "Feature", "geometry": {"type": "Point", "coordinates": [-74.90306, 10.47916]}, "properties": {"school_id": "CO0024", "school_name": "Escuela Los Alamos 24", "country": "CO", "admin1": "Atlantico", "admin2": "Atlantico - Comuna 1", "level": "Secundaria", "sector": "Publico", "enrollment": 281, "urban_rural": "Urbano", "altitude_m": 0.0, "tmax_avg_c": 31.4, "pet_avg_c": 33.3, "wbgt_avg_c": 27.5, "heat_days_30": 107, "heat_days_35": 9, "tx90p": 8.8, "wsdi": 33, "wellbeing_score": 59.7, "health_index": 63.2}}, {"type": "Feature", "geometry": {"type": "Point", "coordinates": [-72.22297, 6.48321]}, "properties": {"school_id": "CO0025", "school_name": "Escuela Santa Rosa 25", "country": "CO", "admin1": "Santander", "admin2": "Santander - Comuna 2", "level": "Inicial", "sector": "Publico", "enrollment": 246, "urban_rural": "Urbano", "altitude_m": 1028.2, "tmax_avg_c": 27.0, "pet_avg_c": 28.8, "wbgt_avg_c": 25.7, "heat_days_30": 28, "heat_days_35": 8, "tx90p": 7.7, "wsdi": 14, "wellbeing_score": 83.6, "health_index": 73.9}}, {"type": "Feature", "geometry": {"type": "Point", "coordinates": [-74.42218, 4.53436]}, "properties": {"school_id": "CO0026", "school_name": "Escuela El Bosque 26", "country": "CO", "admin1": "Cundinamarca", "admin2": "Cundinamarca - Comuna 3", "level": "Primaria", "sector": "Publico", "enrollment": 338, "urban_rural": "Urbano", "altitude_m": 2657.0, "tmax_avg_c": 18.0, "pet_avg_c": 19.5, "wbgt_avg_c": 16.1, "heat_days_30": 0, "heat_days_35": 0, "tx90p": 8.7, "wsdi": 0, "wellbeing_score": 53.8, "health_index": 91.0}}, {"type": "Feature", "geometry": {"type": "Point", "coordinates": [-76.4204, 9.89435]}, "properties": {"school_id": "CO0027", "school_name": "Escuela Las Flores 27", "country": "CO", "admin1": "Bolivar", "admin2": "Bolivar - Comuna 4", "level": "Inicial", "sector": "Publico", "enrollment": 501, "urban_rural": "Urbano", "altitude_m": 0.0, "tmax_avg_c": 30.7, "pet_avg_c": 35.2, "wbgt_avg_c": 27.3, "heat_days_30": 96, "heat_days_35": 5, "tx90p": 10.1, "wsdi": 28, "wellbeing_score": 49.9, "health_index": 74.2}}, {"type": "Feature", "geometry": {"type": "Point", "coordinates": [-76.83231, 1.51653]}, "properties": {"school_id": "CO0028", "school_name": "Escuela Simon Bolivar 28", "country": "CO", "admin1": "Narino", "admin2": "Narino - Comuna 5", "level": "Secundaria", "sector": "Subvencionado", "enrollment": 140, "urban_rural": "Rural", "altitude_m": 2374.7, "tmax_avg_c": 19.9, "pet_avg_c": 21.9, "wbgt_avg_c": 18.3, "heat_days_30": 0, "heat_days_35": 0, "tx90p": 12.8, "wsdi": 2, "wellbeing_score": 43.1, "health_index": 74.0}}, {"type": "Feature", "geometry": {"type": "Point", "coordinates": [-73.2433, 6.3919]}, "properties": {"school_id": "CO0029", "school_name": "Escuela Las Colinas 29", "country": "CO", "admin1": "Boyaca", "admin2": "Boyaca - Comuna 6", "level": "Inicial", "sector": "Publico", "enrollment": 220, "urban_rural": "Urbano", "altitude_m": 2731.1, "tmax_avg_c": 17.8, "pet_avg_c": 20.7, "wbgt_avg_c": 16.7, "heat_days_30": 0, "heat_days_35": 0, "tx90p": 12.2, "wsdi": 1, "wellbeing_score": 69.4, "health_index": 88.0}}, {"type": "Feature", "geometry": {"type": "Point", "coordinates": [-76.53377, 5.64381]}, "properties": {"school_id": "CO0030", "school_name": "Escuela Las Flores 30", "country": "CO", "admin1": "Risaralda", "admin2": "Risaralda - Comuna 7", "level": "Secundaria", "sector": "Publico", "enrollment": 142, "urban_rural": "Urbano", "altitude_m": 1499.0, "tmax_avg_c": 25.8, "pet_avg_c": 27.6, "wbgt_avg_c": 22.2, "heat_days_30": 47, "heat_days_35": 4, "tx90p": 4.3, "wsdi": 19, "wellbeing_score": 79.1, "health_index": 89.4}}, {"type": "Feature", "geometry": {"type": "Point", "coordinates": [-73.89126, 3.92621]}, "properties": {"school_id": "CO0031", "school_name": "Escuela Los Alamos 31", "country": "CO", "admin1": "Bogota D.C.", "admin2": "Bogota D.C. - Comuna 8", "level": "Primaria", "sector": "Privado", "enrollment": 256, "urban_rural": "Rural", "altitude_m": 2698.4, "tmax_avg_c": 21.6, "pet_avg_c": 23.6, "wbgt_avg_c": 20.2, "heat_days_30": 0, "heat_days_35": 0, "tx90p": 9.6, "wsdi": 2, "wellbeing_score": 71.6, "health_index": 83.1}}, {"type": "Feature", "geometry": {"type": "Point", "coordinates": [-75.29056, 6.90894]}, "properties": {"school_id": "CO0032", "school_name": "Escuela Las Colinas 32", "country": "CO", "admin1": "Antioquia", "admin2": "Antioquia - Comuna 9", "level": "Primaria", "sector": "Publico", "enrollment": 267, "urban_rural": "Urbano", "altitude_m": 1527.9, "tmax_avg_c": 27.9, "pet_avg_c": 30.9, "wbgt_avg_c": 25.5, "heat_days_30": 74, "heat_days_35": 6, "tx90p": 4.6, "wsdi": 26, "wellbeing_score": 61.8, "health_index": 68.8}}, {"type": "Feature", "geometry": {"type": "Point", "coordinates": [-76.56787, 3.85823]}, "properties": {"school_id": "CO0033", "school_name": "Escuela El Progreso 33", "country": "CO", "admin1": "Valle del Cauca", "admin2": "Valle del Cauca - Comuna 10", "level": "Secundaria", "sector": "Publico", "enrollment": 151, "urban_rural": "Urbano", "altitude_m": 1049.5, "tmax_avg_c": 30.3, "pet_avg_c": 32.9, "wbgt_avg_c": 28.1, "heat_days_30": 87, "heat_days_35": 24, "tx90p": 4.3, "wsdi": 8, "wellbeing_score": 47.7, "health_index": 65.8}}, {"type": "Feature", "geometry": {"type": "Point", "coordinates": [-75.70361, 10.22872]}, "properties": {"school_id": "CO0034", "school_name": "Escuela Los Alamos 34", "country": "CO", "admin1": "Atlantico", "admin2": "Atlantico - Comuna 11", "level": "Inicial", "sector": "Subvencionado", "enrollment": 354, "urban_rural": "Urbano", "altitude_m": 94.6, "tmax_avg_c": 31.8, "pet_avg_c": 34.4, "wbgt_avg_c": 29.7, "heat_days_30": 116, "heat_days_35": 22, "tx90p": 10.8, "wsdi": 21, "wellbeing_score": 55.3, "health_index": 75.1}}, {"type": "Feature", "geometry": {"type": "Point", "coordinates": [-73.2432, 6.93905]}, "properties": {"school_id": "CO0035", "school_name": "Escuela El Progreso 35", "country": "CO", "admin1": "Santander", "admin2": "Santander - Comuna 12", "level": "Secundaria", "sector": "Publico", "enrollment": 291, "urban_rural": "Urbano", "altitude_m": 993.5, "tmax_avg_c": 28.5, "pet_avg_c": 30.5, "wbgt_avg_c": 26.0, "heat_days_30": 74, "heat_days_35": 21, "tx90p": 12.0, "wsdi": 36, "wellbeing_score": 64.7, "health_index": 57.2}}, {"type": "Feature", "geometry": {"type": "Point", "coordinates": [-74.40552, 3.81213]}, "properties": {"school_id": "CO0036", "school_name": "Escuela San Martin 36", "country": "CO", "admin1": "Cundinamarca", "admin2": "Cundinamarca - Comuna 1", "level": "Inicial", "sector": "Privado", "enrollment": 720, "urban_rural": "Urbano", "altitude_m": 2386.7, "tmax_avg_c": 20.4, "pet_avg_c": 23.8, "wbgt_avg_c": 18.1, "heat_days_30": 0, "heat_days_35": 0, "tx90p": 10.5, "wsdi": 7, "wellbeing_score": 73.7, "health_index": 75.7}}, {"type": "Feature", "geometry": {"type": "Point", "coordinates": [-75.05938, 11.16135]}, "properties": {"school_id": "CO0037", "school_name": "Escuela Santa Rosa 37", "country": "CO", "admin1": "Bolivar", "admin2": "Bolivar - Comuna 2", "level": "Primaria", "sector": "Subvencionado", "enrollment": 134, "urban_rural": "Urbano", "altitude_m": 2.2, "tmax_avg_c": 31.2, "pet_avg_c": 32.9, "wbgt_avg_c": 28.6, "heat_days_30": 89, "heat_days_35": 7, "tx90p": 14.5, "wsdi": 30, "wellbeing_score": 70.3, "health_index": 77.3}}, {"type": "Feature", "geometry": {"type": "Point", "coordinates": [-76.79416, 1.50112]}, "properties": {"school_id": "CO0038", "school_name": "Escuela Simon Bolivar 38", "country": "CO", "admin1": "Narino", "admin2": "Narino - Comuna 3", "level": "Primaria", "sector": "Subvencionado", "enrollment": 454, "urban_rural": "Urbano", "altitude_m": 2477.9, "tmax_avg_c": 19.5, "pet_avg_c": 24.9, "wbgt_avg_c": 15.8, "heat_days_30": 0, "heat_days_35": 0, "tx90p": 8.8, "wsdi": 3, "wellbeing_score": 85.4, "health_index": 85.0}}, {"type": "Feature", "geometry": {"type": "Point", "coordinates": [-73.37992, 6.3595]}, "properties": {"school_id": "CO0039", "school_name": "Escuela Amanecer 39", "country": "CO", "admin1": "Boyaca", "admin2": "Boyaca - Comuna 4", "level": "Inicial", "sector": "Publico", "enrollment": 461, "urban_rural": "Urbano", "altitude_m": 2723.0, "tmax_avg_c": 18.9, "pet_avg_c": 21.4, "wbgt_avg_c": 16.4, "heat_days_30": 0, "heat_days_35": 0, "tx90p": 13.1, "wsdi": 0, "wellbeing_score": 68.5, "health_index": 82.7}}, {"type": "Feature", "geometry": {"type": "Point", "coordinates": [-75.80157, 5.32564]}, "properties": {"school_id": "CO0040", "school_name": "Escuela San Martin 40", "country": "CO", "admin1": "Risaralda", "admin2": "Risaralda - Comuna 5", "level": "Primaria", "sector": "Privado", "enrollment": 94, "urban_rural": "Urbano", "altitude_m": 1544.7, "tmax_avg_c": 27.2, "pet_avg_c": 31.2, "wbgt_avg_c": 25.6, "heat_days_30": 28, "heat_days_35": 8, "tx90p": 13.6, "wsdi": 12, "wellbeing_score": 80.8, "health_index": 66.0}}, {"type": "Feature", "geometry": {"type": "Point", "coordinates": [-75.40318, 4.78981]}, "properties": {"school_id": "CO0041", "school_name": "Escuela Los Andes 41", "country": "CO", "admin1": "Bogota D.C.", "admin2": "Bogota D.C. - Comuna 6", "level": "Secundaria", "sector": "Publico", "enrollment": 123, "urban_rural": "Rural", "altitude_m": 2776.0, "tmax_avg_c": 16.9, "pet_avg_c": 20.0, "wbgt_avg_c": 15.4, "heat_days_30": 0, "heat_days_35": 0, "tx90p": 8.9, "wsdi": 0, "wellbeing_score": 91.3, "health_index": 74.3}}, {"type": "Feature", "geometry": {"type": "Point", "coordinates": [-76.1148, 6.12177]}, "properties": {"school_id": "CO0042", "school_name": "Escuela El Progreso 42", "country": "CO", "admin1": "Antioquia", "admin2": "Antioquia - Comuna 7", "level": "Secundaria", "sector": "Subvencionado", "enrollment": 1400, "urban_rural": "Urbano", "altitude_m": 1366.5, "tmax_avg_c": 28.0, "pet_avg_c": 33.4, "wbgt_avg_c": 26.2, "heat_days_30": 59, "heat_days_35": 3, "tx90p": 9.7, "wsdi": 21, "wellbeing_score": 60.4, "health_index": 73.5}}, {"type": "Feature", "geometry": {"type": "Point", "coordinates": [-77.8577, 2.60978]}, "properties": {"school_id": "CO0043", "school_name": "Escuela Simon Bolivar 43", "country": "CO", "admin1": "Valle del Cauca", "admin2": "Valle del Cauca - Comuna 8", "level": "Secundaria", "sector": "Publico", "enrollment": 212, "urban_rural": "Urbano", "altitude_m": 1038.7, "tmax_avg_c": 27.2, "pet_avg_c": 29.3, "wbgt_avg_c": 25.4, "heat_days_30": 35, "heat_days_35": 6, "tx90p": 10.3, "wsdi": 12, "wellbeing_score": 58.4, "health_index": 71.7}}, {"type": "Feature", "geometry": {"type": "Point", "coordinates": [-75.25676, 9.76526]}, "properties": {"school_id": "CO0044", "school_name": "Escuela El Progreso 44", "country": "CO", "admin1": "Atlantico", "admin2": "Atlantico - Comuna 9", "level": "Primaria", "sector": "Subvencionado", "enrollment": 512, "urban_rural": "Rural", "altitude_m": 0.0, "tmax_avg_c": 31.5, "pet_avg_c": 33.4, "wbgt_avg_c": 28.0, "heat_days_30": 101, "heat_days_35": 29, "tx90p": 14.6, "wsdi": 27, "wellbeing_score": 53.2, "health_index": 74.3}}, {"type": "Feature", "geometry": {"type": "Point", "coordinates": [-72.56916, 6.59247]}, "properties": {"school_id": "CO0045", "school_name": "Escuela Buenos Aires 45", "country": "CO", "admin1": "Santander", "admin2": "Santander - Comuna 10", "level": "Secundaria", "sector": "Privado", "enrollment": 223, "urban_rural": "Urbano", "altitude_m": 975.1, "tmax_avg_c": 27.5, "pet_avg_c": 30.8, "wbgt_avg_c": 25.0, "heat_days_30": 67, "heat_days_35": 19, "tx90p": 15.7, "wsdi": 35, "wellbeing_score": 54.6, "health_index": 86.4}}, {"type": "Feature", "geometry": {"type": "Point", "coordinates": [-73.92817, 4.85002]}, "properties": {"school_id": "CO0046", "school_name": "Escuela Las Colinas 46", "country": "CO", "admin1": "Cundinamarca", "admin2": "Cundinamarca - Comuna 11", "level": "Secundaria", "sector": "Privado", "enrollment": 347, "urban_rural": "Urbano", "altitude_m": 2760.8, "tmax_avg_c": 18.8, "pet_avg_c": 24.3, "wbgt_avg_c": 15.0, "heat_days_30": 0, "heat_days_35": 0, "tx90p": 6.2, "wsdi": 0, "wellbeing_score": 63.3, "health_index": 71.9}}, {"type": "Feature", "geometry": {"type": "Point", "coordinates": [-75.89898, 9.9475]}, "properties": {"school_id": "CO0047", "school_name": "Escuela Nueva Esperanza 47", "country": "CO", "admin1": "Bolivar", "admin2": "Bolivar - Comuna 12", "level": "Secundaria", "sector": "Publico", "enrollment": 507, "urban_rural": "Rural", "altitude_m": 0.0, "tmax_avg_c": 30.4, "pet_avg_c": 32.2, "wbgt_avg_c": 28.7, "heat_days_30": 102, "heat_days_35": 29, "tx90p": 9.0, "wsdi": 51, "wellbeing_score": 48.9, "health_index": 77.5}}, {"type": "Feature", "geometry": {"type": "Point", "coordinates": [-77.02962, 2.4198]}, "properties": {"school_id": "CO0048", "school_name": "Escuela El Bosque 48", "country": "CO", "admin1": "Narino", "admin2": "Narino - Comuna 1", "level": "Primaria", "sector": "Publico", "enrollment": 228, "urban_rural": "Urbano", "altitude_m": 2612.8, "tmax_avg_c": 19.9, "pet_avg_c": 22.2, "wbgt_avg_c": 17.4, "heat_days_30": 0, "heat_days_35": 0, "tx90p": 18.0, "wsdi": 0, "wellbeing_score": 58.5, "health_index": 97.0}}, {"type": "Feature", "geometry": {"type": "Point", "coordinates": [-73.52342, 5.54699]}, "properties": {"school_id": "CO0049", "school_name": "Escuela San Martin 49", "country": "CO", "admin1": "Boyaca", "admin2": "Boyaca - Comuna 2", "level": "Primaria", "sector": "Subvencionado", "enrollment": 290, "urban_rural": "Urbano", "altitude_m": 2619.8, "tmax_avg_c": 18.9, "pet_avg_c": 23.7, "wbgt_avg_c": 17.6, "heat_days_30": 0, "heat_days_35": 0, "tx90p": 14.8, "wsdi": 1, "wellbeing_score": 39.4, "health_index": 88.2}}, {"type": "Feature", "geometry": {"type": "Point", "coordinates": [-75.0491, 4.8922]}, "properties": {"school_id": "CO0050", "school_name": "Escuela El Bosque 50", "country": "CO", "admin1": "Risaralda", "admin2": "Risaralda - Comuna 3", "level": "Inicial", "sector": "Publico", "enrollment": 221, "urban_rural": "Urbano", "altitude_m": 1420.7, "tmax_avg_c": 25.7, "pet_avg_c": 30.5, "wbgt_avg_c": 23.5, "heat_days_30": 32, "heat_days_35": 4, "tx90p": 10.1, "wsdi": 15, "wellbeing_score": 48.2, "health_index": 71.8}}, {"type": "Feature", "geometry": {"type": "Point", "coordinates": [-73.46506, 5.60875]}, "properties": {"school_id": "CO0051", "school_name": "Escuela El Progreso 51", "country": "CO", "admin1": "Bogota D.C.", "admin2": "Bogota D.C. - Comuna 4", "level": "Secundaria", "sector": "Publico", "enrollment": 147, "urban_rural": "Urbano", "altitude_m": 2440.8, "tmax_avg_c": 20.2, "pet_avg_c": 21.9, "wbgt_avg_c": 18.5, "heat_days_30": 0, "heat_days_35": 0, "tx90p": 12.2, "wsdi": 0, "wellbeing_score": 63.2, "health_index": 83.6}}, {"type": "Feature", "geometry": {"type": "Point", "coordinates": [-75.99319, 5.48039]}, "properties": {"school_id": "CO0052", "school_name": "Escuela Santa Rosa 52", "country": "CO", "admin1": "Antioquia", "admin2": "Antioquia - Comuna 5", "level": "Primaria", "sector": "Publico", "enrollment": 532, "urban_rural": "Urbano", "altitude_m": 1438.7, "tmax_avg_c": 26.1, "pet_avg_c": 29.3, "wbgt_avg_c": 24.7, "heat_days_30": 41, "heat_days_35": 6, "tx90p": 9.4, "wsdi": 18, "wellbeing_score": 58.6, "health_index": 78.9}}, {"type": "Feature", "geometry": {"type": "Point", "coordinates": [-76.88046, 3.93248]}, "properties": {"school_id": "CO0053", "school_name": "Escuela Los Andes 53", "country": "CO", "admin1": "Valle del Cauca", "admin2": "Valle del Cauca - Comuna 6", "level": "Secundaria", "sector": "Publico", "enrollment": 324, "urban_rural": "Urbano", "altitude_m": 946.6, "tmax_avg_c": 29.6, "pet_avg_c": 33.1, "wbgt_avg_c": 28.0, "heat_days_30": 72, "heat_days_35": 15, "tx90p": 15.2, "wsdi": 13, "wellbeing_score": 61.6, "health_index": 80.6}}, {"type": "Feature", "geometry": {"type": "Point", "coordinates": [-74.37319, 10.38565]}, "properties": {"school_id": "CO0054", "school_name": "Escuela Los Andes 54", "country": "CO", "admin1": "Atlantico", "admin2": "Atlantico - Comuna 7", "level": "Primaria", "sector": "Privado", "enrollment": 281, "urban_rural": "Urbano", "altitude_m": 0.0, "tmax_avg_c": 33.2, "pet_avg_c": 36.4, "wbgt_avg_c": 30.8, "heat_days_30": 139, "heat_days_35": 25, "tx90p": 16.1, "wsdi": 53, "wellbeing_score": 73.4, "health_index": 53.5}}, {"type": "Feature", "geometry": {"type": "Point", "coordinates": [-72.87824, 7.29906]}, "properties": {"school_id": "CO0055", "school_name": "Escuela Alto del Rio 55", "country": "CO", "admin1": "Santander", "admin2": "Santander - Comuna 8", "level": "Inicial", "sector": "Publico", "enrollment": 193, "urban_rural": "Urbano", "altitude_m": 812.1, "tmax_avg_c": 28.8, "pet_avg_c": 31.0, "wbgt_avg_c": 25.1, "heat_days_30": 65, "heat_days_35": 16, "tx90p": 9.8, "wsdi": 22, "wellbeing_score": 67.4, "health_index": 65.2}}, {"type": "Feature", "geometry": {"type": "Point", "coordinates": [-73.77083, 5.15175]}, "properties": {"school_id": "CO0056", "school_name": "Escuela Amanecer 56", "country": "CO", "admin1": "Cundinamarca", "admin2": "Cundinamarca - Comuna 9", "level": "Primaria", "sector": "Publico", "enrollment": 373, "urban_rural": "Urbano", "altitude_m": 2566.2, "tmax_avg_c": 18.4, "pet_avg_c": 21.1, "wbgt_avg_c": 16.3, "heat_days_30": 0, "heat_days_35": 0, "tx90p": 5.3, "wsdi": 0, "wellbeing_score": 57.6, "health_index": 77.6}}, {"type": "Feature", "geometry": {"type": "Point", "coordinates": [-75.40552, 10.03299]}, "properties": {"school_id": "CO0057", "school_name": "Escuela Buenos Aires 57", "country": "CO", "admin1": "Bolivar", "admin2": "Bolivar - Comuna 10", "level": "Primaria", "sector": "Subvencionado", "enrollment": 196, "urban_rural": "Urbano", "altitude_m": 53.7, "tmax_avg_c": 34.0, "pet_avg_c": 37.7, "wbgt_avg_c": 32.1, "heat_days_30": 160, "heat_days_35": 45, "tx90p": 11.2, "wsdi": 64, "wellbeing_score": 35.1, "health_index": 56.5}}, {"type": "Feature", "geometry": {"type": "Point", "coordinates": [-77.77118, 1.86768]}, "properties": {"school_id": "CO0058", "school_name": "Escuela Los Andes 58", "country": "CO", "admin1": "Narino", "admin2": "Narino - Comuna 11", "level": "Primaria", "sector": "Publico", "enrollment": 652, "urban_rural": "Rural", "altitude_m": 2656.4, "tmax_avg_c": 22.4, "pet_avg_c": 26.7, "wbgt_avg_c": 19.4, "heat_days_30": 0, "heat_days_35": 0, "tx90p": 11.7, "wsdi": 4, "wellbeing_score": 73.6, "health_index": 64.1}}, {"type": "Feature", "geometry": {"type": "Point", "coordinates": [-73.57806, 5.35596]}, "properties": {"school_id": "CO0059", "school_name": "Escuela Las Colinas 59", "country": "CO", "admin1": "Boyaca", "admin2": "Boyaca - Comuna 12", "level": "Inicial", "sector": "Publico", "enrollment": 326, "urban_rural": "Urbano", "altitude_m": 2658.9, "tmax_avg_c": 15.4, "pet_avg_c": 19.4, "wbgt_avg_c": 13.0, "heat_days_30": 0, "heat_days_35": 0, "tx90p": 14.7, "wsdi": 0, "wellbeing_score": 57.6, "health_index": 79.5}}, {"type": "Feature", "geometry": {"type": "Point", "coordinates": [-75.19815, 3.98833]}, "properties": {"school_id": "CO0060", "school_name": "Escuela Los Alamos 60", "country": "CO", "admin1": "Risaralda", "admin2": "Risaralda - Comuna 1", "level": "Secundaria", "sector": "Privado", "enrollment": 430, "urban_rural": "Urbano", "altitude_m": 1415.0, "tmax_avg_c": 24.7, "pet_avg_c": 28.0, "wbgt_avg_c": 21.2, "heat_days_30": 0, "heat_days_35": 0, "tx90p": 6.7, "wsdi": 0, "wellbeing_score": 52.4, "health_index": 74.1}}, {"type": "Feature", "geometry": {"type": "Point", "coordinates": [-73.73701, 4.21838]}, "properties": {"school_id": "CO0061", "school_name": "Escuela Las Colinas 61", "country": "CO", "admin1": "Bogota D.C.", "admin2": "Bogota D.C. - Comuna 2", "level": "Primaria", "sector": "Subvencionado", "enrollment": 302, "urban_rural": "Urbano", "altitude_m": 2681.9, "tmax_avg_c": 18.3, "pet_avg_c": 23.4, "wbgt_avg_c": 15.4, "heat_days_30": 0, "heat_days_35": 0, "tx90p": 15.9, "wsdi": 0, "wellbeing_score": 77.2, "health_index": 75.0}}, {"type": "Feature", "geometry": {"type": "Point", "coordinates": [-75.23061, 7.07365]}, "properties": {"school_id": "CO0062", "school_name": "Escuela Las Flores 62", "country": "CO", "admin1": "Antioquia", "admin2": "Antioquia - Comuna 3", "level": "Primaria", "sector": "Subvencionado", "enrollment": 177, "urban_rural": "Urbano", "altitude_m": 1428.3, "tmax_avg_c": 27.9, "pet_avg_c": 30.2, "wbgt_avg_c": 25.1, "heat_days_30": 72, "heat_days_35": 5, "tx90p": 9.4, "wsdi": 33, "wellbeing_score": 65.5, "health_index": 79.1}}, {"type": "Feature", "geometry": {"type": "Point", "coordinates": [-76.62384, 2.81803]}, "properties": {"school_id": "CO0063", "school_name": "Escuela Las Flores 63", "country": "CO", "admin1": "Valle del Cauca", "admin2": "Valle del Cauca - Comuna 4", "level": "Secundaria", "sector": "Publico", "enrollment": 248, "urban_rural": "Urbano", "altitude_m": 1263.5, "tmax_avg_c": 30.5, "pet_avg_c": 32.3, "wbgt_avg_c": 27.9, "heat_days_30": 85, "heat_days_35": 11, "tx90p": 3.0, "wsdi": 29, "wellbeing_score": 55.3, "health_index": 67.0}}, {"type": "Feature", "geometry": {"type": "Point", "coordinates": [-75.53737, 11.39826]}, "properties": {"school_id": "CO0064", "school_name": "Escuela Villa del Sol 64", "country": "CO", "admin1": "Atlantico", "admin2": "Atlantico - Comuna 5", "level": "Secundaria", "sector": "Publico", "enrollment": 222, "urban_rural": "Urbano", "altitude_m": 260.5, "tmax_avg_c": 33.5, "pet_avg_c": 38.8, "wbgt_avg_c": 30.2, "heat_days_30": 126, "heat_days_35": 16, "tx90p": 15.4, "wsdi": 45, "wellbeing_score": 63.4, "health_index": 69.0}}, {"type": "Feature", "geometry": {"type": "Point", "coordinates": [-73.35829, 7.27159]}, "properties": {"school_id": "CO0065", "school_name": "Escuela Amanecer 65", "country": "CO", "admin1": "Santander", "admin2": "Santander - Comuna 6", "level": "Inicial", "sector": "Subvencionado", "enrollment": 317, "urban_rural": "Urbano", "altitude_m": 759.4, "tmax_avg_c": 30.8, "pet_avg_c": 33.4, "wbgt_avg_c": 27.1, "heat_days_30": 85, "heat_days_35": 20, "tx90p": 14.7, "wsdi": 16, "wellbeing_score": 54.2, "health_index": 81.4}}, {"type": "Feature", "geometry": {"type": "Point", "coordinates": [-74.74604, 4.41481]}, "properties": {"school_id": "CO0066", "school_name": "Escuela Los Alamos 66", "country": "CO", "admin1": "Cundinamarca", "admin2": "Cundinamarca - Comuna 7", "level": "Inicial", "sector": "Publico", "enrollment": 174, "urban_rural": "Rural", "altitude_m": 2479.4, "tmax_avg_c": 18.2, "pet_avg_c": 21.0, "wbgt_avg_c": 16.3, "heat_days_30": 0, "heat_days_35": 0, "tx90p": 11.5, "wsdi": 0, "wellbeing_score": 60.1, "health_index": 71.4}}, {"type": "Feature", "geometry": {"type": "Point", "coordinates": [-74.46422, 8.76649]}, "properties": {"school_id": "CO0067", "school_name": "Escuela Las Flores 67", "country": "CO", "admin1": "Bolivar", "admin2": "Bolivar - Comuna 8", "level": "Primaria", "sector": "Subvencionado", "enrollment": 357, "urban_rural": "Urbano", "altitude_m": 0.0, "tmax_avg_c": 30.0, "pet_avg_c": 33.4, "wbgt_avg_c": 27.7, "heat_days_30": 109, "heat_days_35": 30, "tx90p": 11.3, "wsdi": 46, "wellbeing_score": 69.1, "health_index": 68.9}}, {"type": "Feature", "geometry": {"type": "Point", "coordinates": [-77.53089, 1.22307]}, "properties": {"school_id": "CO0068", "school_name": "Escuela Nueva Esperanza 68", "country": "CO", "admin1": "Narino", "admin2": "Narino - Comuna 9", "level": "Primaria", "sector": "Subvencionado", "enrollment": 282, "urban_rural": "Rural", "altitude_m": 2351.6, "tmax_avg_c": 19.9, "pet_avg_c": 22.1, "wbgt_avg_c": 15.9, "heat_days_30": 0, "heat_days_35": 0, "tx90p": 13.0, "wsdi": 0, "wellbeing_score": 67.9, "health_index": 79.6}}, {"type": "Feature", "geometry": {"type": "Point", "coordinates": [-74.07902, 6.86571]}, "properties": {"school_id": "CO0069", "school_name": "Escuela Los Alamos 69", "country": "CO", "admin1": "Boyaca", "admin2": "Boyaca - Comuna 10", "level": "Secundaria", "sector": "Publico", "enrollment": 321, "urban_rural": "Urbano", "altitude_m": 2707.8, "tmax_avg_c": 20.4, "pet_avg_c": 23.3, "wbgt_avg_c": 19.0, "heat_days_30": 0, "heat_days_35": 0, "tx90p": 14.1, "wsdi": 0, "wellbeing_score": 62.8, "health_index": 75.4}}, {"type": "Feature", "geometry": {"type": "Point", "coordinates": [-75.53826, 5.59456]}, "properties": {"school_id": "CO0070", "school_name": "Escuela Buenos Aires 70", "country": "CO", "admin1": "Risaralda", "admin2": "Risaralda - Comuna 11", "level": "Inicial", "sector": "Publico", "enrollment": 250, "urban_rural": "Urbano", "altitude_m": 1290.1, "tmax_avg_c": 26.6, "pet_avg_c": 28.2, "wbgt_avg_c": 25.0, "heat_days_30": 26, "heat_days_35": 2, "tx90p": 15.4, "wsdi": 8, "wellbeing_score": 53.5, "health_index": 66.1}}, {"type": "Feature", "geometry": {"type": "Point", "coordinates": [-73.90579, 4.98988]}, "properties": {"school_id": "CO0071", "school_name": "Escuela Santa Rosa 71", "country": "CO", "admin1": "Bogota D.C.", "admin2": "Bogota D.C. - Comuna 12", "level": "Inicial", "sector": "Privado", "enrollment": 344, "urban_rural": "Urbano", "altitude_m": 2528.8, "tmax_avg_c": 19.0, "pet_avg_c": 22.0, "wbgt_avg_c": 15.7, "heat_days_30": 0, "heat_days_35": 0, "tx90p": 15.6, "wsdi": 0, "wellbeing_score": 50.7, "health_index": 77.5}}, {"type": "Feature", "geometry": {"type": "Point", "coordinates": [-75.86787, 6.68212]}, "properties": {"school_id": "CO0072", "school_name": "Escuela Jose Marti 72", "country": "CO", "admin1": "Antioquia", "admin2": "Antioquia - Comuna 1", "level": "Primaria", "sector": "Subvencionado", "enrollment": 148, "urban_rural": "Urbano", "altitude_m": 1504.2, "tmax_avg_c": 25.0, "pet_avg_c": 26.6, "wbgt_avg_c": 23.0, "heat_days_30": 7, "heat_days_35": 1, "tx90p": 9.8, "wsdi": 5, "wellbeing_score": 84.0, "health_index": 83.7}}, {"type": "Feature", "geometry": {"type": "Point", "coordinates": [-77.64691, 3.33395]}, "properties": {"school_id": "CO0073", "school_name": "Escuela El Bosque 73", "country": "CO", "admin1": "Valle del Cauca", "admin2": "Valle del Cauca - Comuna 2", "level": "Inicial", "sector": "Subvencionado", "enrollment": 484, "urban_rural": "Urbano", "altitude_m": 1161.8, "tmax_avg_c": 28.8, "pet_avg_c": 31.9, "wbgt_avg_c": 26.2, "heat_days_30": 87, "heat_days_35": 20, "tx90p": 14.0, "wsdi": 24, "wellbeing_score": 66.1, "health_index": 77.7}}, {"type": "Feature", "geometry": {"type": "Point", "coordinates": [-74.67478, 10.5717]}, "properties": {"school_id": "CO0074", "school_name": "Escuela El Progreso 74", "country": "CO", "admin1": "Atlantico", "admin2": "Atlantico - Comuna 3", "level": "Primaria", "sector": "Privado", "enrollment": 182, "urban_rural": "Rural", "altitude_m": 0.0, "tmax_avg_c": 32.6, "pet_avg_c": 34.3, "wbgt_avg_c": 29.8, "heat_days_30": 150, "heat_days_35": 26, "tx90p": 7.5, "wsdi": 32, "wellbeing_score": 52.9, "health_index": 59.0}}, {"type": "Feature", "geometry": {"type": "Point", "coordinates": [-72.69606, 6.85645]}, "properties": {"school_id": "CO0075", "school_name": "Escuela Los Alamos 75", "country": "CO", "admin1": "Santander", "admin2": "Santander - Comuna 4", "level": "Inicial", "sector": "Publico", "enrollment": 173, "urban_rural": "Urbano", "altitude_m": 965.0, "tmax_avg_c": 29.4, "pet_avg_c": 33.4, "wbgt_avg_c": 28.1, "heat_days_30": 109, "heat_days_35": 18, "tx90p": 10.7, "wsdi": 14, "wellbeing_score": 77.0, "health_index": 83.3}}, {"type": "Feature", "geometry": {"type": "Point", "coordinates": [-74.13811, 4.63754]}, "properties": {"school_id": "CO0076", "school_name": "Escuela Las Colinas 76", "country": "CO", "admin1": "Cundinamarca", "admin2": "Cundinamarca - Comuna 5", "level": "Secundaria", "sector": "Subvencionado", "enrollment": 246, "urban_rural": "Rural", "altitude_m": 2573.6, "tmax_avg_c": 22.2, "pet_avg_c": 23.7, "wbgt_avg_c": 21.2, "heat_days_30": 0, "heat_days_35": 0, "tx90p": 16.0, "wsdi": 0, "wellbeing_score": 54.3, "health_index": 65.9}}, {"type": "Feature", "geometry": {"type": "Point", "coordinates": [-75.31807, 10.57185]}, "properties": {"school_id": "CO0077", "school_name": "Escuela Alto del Rio 77", "country": "CO", "admin1": "Bolivar", "admin2": "Bolivar - Comuna 6", "level": "Secundaria", "sector": "Privado", "enrollment": 219, "urban_rural": "Urbano", "altitude_m": 0.0, "tmax_avg_c": 32.1, "pet_avg_c": 37.2, "wbgt_avg_c": 30.2, "heat_days_30": 134, "heat_days_35": 24, "tx90p": 12.3, "wsdi": 33, "wellbeing_score": 46.4, "health_index": 77.9}}, {"type": "Feature", "geometry": {"type": "Point", "coordinates": [-77.26509, 1.49393]}, "properties": {"school_id": "CO0078", "school_name": "Escuela Alto del Rio 78", "country": "CO", "admin1": "Narino", "admin2": "Narino - Comuna 7", "level": "Primaria", "sector": "Publico", "enrollment": 158, "urban_rural": "Rural", "altitude_m": 2704.3, "tmax_avg_c": 16.6, "pet_avg_c": 18.9, "wbgt_avg_c": 15.6, "heat_days_30": 0, "heat_days_35": 0, "tx90p": 6.7, "wsdi": 0, "wellbeing_score": 63.5, "health_index": 81.7}}, {"type": "Feature", "geometry": {"type": "Point", "coordinates": [-73.52841, 6.05857]}, "properties": {"school_id": "CO0079", "school_name": "Escuela El Bosque 79", "country": "CO", "admin1": "Boyaca", "admin2": "Boyaca - Comuna 8", "level": "Primaria", "sector": "Publico", "enrollment": 208, "urban_rural": "Urbano", "altitude_m": 2774.3, "tmax_avg_c": 19.6, "pet_avg_c": 23.5, "wbgt_avg_c": 17.1, "heat_days_30": 0, "heat_days_35": 0, "tx90p": 7.7, "wsdi": 0, "wellbeing_score": 48.2, "health_index": 80.5}}, {"type": "Feature", "geometry": {"type": "Point", "coordinates": [-75.85316, 4.79402]}, "properties": {"school_id": "CO0080", "school_name": "Escuela Alto del Rio 80", "country": "CO", "admin1": "Risaralda", "admin2": "Risaralda - Comuna 9", "level": "Inicial", "sector": "Publico", "enrollment": 224, "urban_rural": "Rural", "altitude_m": 1181.6, "tmax_avg_c": 26.9, "pet_avg_c": 31.3, "wbgt_avg_c": 25.5, "heat_days_30": 29, "heat_days_35": 5, "tx90p": 6.0, "wsdi": 15, "wellbeing_score": 66.7, "health_index": 76.3}}, {"type": "Feature", "geometry": {"type": "Point", "coordinates": [-74.56587, 5.37905]}, "properties": {"school_id": "CO0081", "school_name": "Escuela Nueva Esperanza 81", "country": "CO", "admin1": "Bogota D.C.", "admin2": "Bogota D.C. - Comuna 10", "level": "Inicial", "sector": "Publico", "enrollment": 251, "urban_rural": "Urbano", "altitude_m": 2570.7, "tmax_avg_c": 18.0, "pet_avg_c": 20.0, "wbgt_avg_c": 15.7, "heat_days_30": 0, "heat_days_35": 0, "tx90p": 16.7, "wsdi": 2, "wellbeing_score": 73.5, "health_index": 82.9}}, {"type": "Feature", "geometry": {"type": "Point", "coordinates": [-75.28388, 6.26414]}, "properties": {"school_id": "CO0082", "school_name": "Escuela Jose Marti 82", "country": "CO", "admin1": "Antioquia", "admin2": "Antioquia - Comuna 11", "level": "Inicial", "sector": "Publico", "enrollment": 292, "urban_rural": "Urbano", "altitude_m": 1177.5, "tmax_avg_c": 29.4, "pet_avg_c": 31.6, "wbgt_avg_c": 27.4, "heat_days_30": 74, "heat_days_35": 7, "tx90p": 15.0, "wsdi": 21, "wellbeing_score": 79.3, "health_index": 71.6}}, {"type": "Feature", "geometry": {"type": "Point", "coordinates": [-77.76348, 3.96461]}, "properties": {"school_id": "CO0083", "school_name": "Escuela Villa del Sol 83", "country": "CO", "admin1": "Valle del Cauca", "admin2": "Valle del Cauca - Comuna 12", "level": "Secundaria", "sector": "Publico", "enrollment": 343, "urban_rural": "Urbano", "altitude_m": 923.5, "tmax_avg_c": 30.3, "pet_avg_c": 33.1, "wbgt_avg_c": 29.1, "heat_days_30": 101, "heat_days_35": 24, "tx90p": 9.9, "wsdi": 21, "wellbeing_score": 73.7, "health_index": 89.7}}, {"type": "Feature", "geometry": {"type": "Point", "coordinates": [-75.46057, 11.17142]}, "properties": {"school_id": "CO0084", "school_name": "Escuela Villa del Sol 84", "country": "CO", "admin1": "Atlantico", "admin2": "Atlantico - Comuna 1", "level": "Inicial", "sector": "Publico", "enrollment": 142, "urban_rural": "Rural", "altitude_m": 129.5, "tmax_avg_c": 32.7, "pet_avg_c": 34.6, "wbgt_avg_c": 28.9, "heat_days_30": 138, "heat_days_35": 11, "tx90p": 15.6, "wsdi": 24, "wellbeing_score": 60.9, "health_index": 72.5}}, {"type": "Feature", "geometry": {"type": "Point", "coordinates": [-74.24652, 6.25362]}, "properties": {"school_id": "CO0085", "school_name": "Escuela Simon Bolivar 85", "country": "CO", "admin1": "Santander", "admin2": "Santander - Comuna 2", "level": "Primaria", "sector": "Publico", "enrollment": 199, "urban_rural": "Urbano", "altitude_m": 1105.6, "tmax_avg_c": 26.7, "pet_avg_c": 28.4, "wbgt_avg_c": 23.4, "heat_days_30": 47, "heat_days_35": 6, "tx90p": 9.4, "wsdi": 22, "wellbeing_score": 61.9, "health_index": 75.9}}, {"type": "Feature", "geometry": {"type": "Point", "coordinates": [-74.0988, 5.18655]}, "properties": {"school_id": "CO0086", "school_name": "Escuela Amanecer 86", "country": "CO", "admin1": "Cundinamarca", "admin2": "Cundinamarca - Comuna 3", "level": "Secundaria", "sector": "Publico", "enrollment": 194, "urban_rural": "Rural", "altitude_m": 2620.7, "tmax_avg_c": 20.2, "pet_avg_c": 23.8, "wbgt_avg_c": 17.4, "heat_days_30": 0, "heat_days_35": 0, "tx90p": 8.5, "wsdi": 4, "wellbeing_score": 49.2, "health_index": 81.9}}, {"type": "Feature", "geometry": {"type": "Point", "coordinates": [-75.74548, 9.68556]}, "properties": {"school_id": "CO0087", "school_name": "Escuela El Progreso 87", "country": "CO", "admin1": "Bolivar", "admin2": "Bolivar - Comuna 4", "level": "Secundaria", "sector": "Publico", "enrollment": 341, "urban_rural": "Rural", "altitude_m": 21.5, "tmax_avg_c": 32.4, "pet_avg_c": 37.0, "wbgt_avg_c": 31.1, "heat_days_30": 146, "heat_days_35": 18, "tx90p": 18.3, "wsdi": 42, "wellbeing_score": 62.8, "health_index": 58.6}}, {"type": "Feature", "geometry": {"type": "Point", "coordinates": [-76.83219, 1.40384]}, "properties": {"school_id": "CO0088", "school_name": "Escuela Los Alamos 88", "country": "CO", "admin1": "Narino", "admin2": "Narino - Comuna 5", "level": "Primaria", "sector": "Publico", "enrollment": 367, "urban_rural": "Rural", "altitude_m": 2647.3, "tmax_avg_c": 19.3, "pet_avg_c": 23.8, "wbgt_avg_c": 15.9, "heat_days_30": 0, "heat_days_35": 0, "tx90p": 9.3, "wsdi": 1, "wellbeing_score": 45.1, "health_index": 97.0}}, {"type": "Feature", "geometry": {"type": "Point", "coordinates": [-73.28564, 6.06942]}, "properties": {"school_id": "CO0089", "school_name": "Escuela Amanecer 89", "country": "CO", "admin1": "Boyaca", "admin2": "Boyaca - Comuna 6", "level": "Inicial", "sector": "Privado", "enrollment": 452, "urban_rural": "Rural", "altitude_m": 2721.0, "tmax_avg_c": 17.4, "pet_avg_c": 22.0, "wbgt_avg_c": 15.7, "heat_days_30": 0, "heat_days_35": 0, "tx90p": 9.1, "wsdi": 2, "wellbeing_score": 62.5, "health_index": 90.6}}, {"type": "Feature", "geometry": {"type": "Point", "coordinates": [-76.69747, 4.77329]}, "properties": {"school_id": "CO0090", "school_name": "Escuela Los Andes 90", "country": "CO", "admin1": "Risaralda", "admin2": "Risaralda - Comuna 7", "level": "Secundaria", "sector": "Publico", "enrollment": 197, "urban_rural": "Rural", "altitude_m": 1579.1, "tmax_avg_c": 29.4, "pet_avg_c": 34.3, "wbgt_avg_c": 25.7, "heat_days_30": 77, "heat_days_35": 4, "tx90p": 14.9, "wsdi": 23, "wellbeing_score": 44.3, "health_index": 92.3}}, {"type": "Feature", "geometry": {"type": "Point", "coordinates": [-73.29547, 5.13076]}, "properties": {"school_id": "CO0091", "school_name": "Escuela El Bosque 91", "country": "CO", "admin1": "Bogota D.C.", "admin2": "Bogota D.C. - Comuna 8", "level": "Primaria", "sector": "Publico", "enrollment": 166, "urban_rural": "Urbano", "altitude_m": 2652.7, "tmax_avg_c": 18.8, "pet_avg_c": 22.8, "wbgt_avg_c": 15.5, "heat_days_30": 0, "heat_days_35": 0, "tx90p": 9.0, "wsdi": 0, "wellbeing_score": 65.3, "health_index": 88.0}}, {"type": "Feature", "geometry": {"type": "Point", "coordinates": [-75.34897, 5.96375]}, "properties": {"school_id": "CO0092", "school_name": "Escuela El Bosque 92", "country": "CO", "admin1": "Antioquia", "admin2": "Antioquia - Comuna 9", "level": "Primaria", "sector": "Publico", "enrollment": 475, "urban_rural": "Urbano", "altitude_m": 1423.0, "tmax_avg_c": 27.0, "pet_avg_c": 28.6, "wbgt_avg_c": 24.7, "heat_days_30": 53, "heat_days_35": 8, "tx90p": 9.5, "wsdi": 14, "wellbeing_score": 59.7, "health_index": 64.4}}, {"type": "Feature", "geometry": {"type": "Point", "coordinates": [-75.59879, 3.45273]}, "properties": {"school_id": "CO0093", "school_name": "Escuela Los Andes 93", "country": "CO", "admin1": "Valle del Cauca", "admin2": "Valle del Cauca - Comuna 10", "level": "Primaria", "sector": "Subvencionado", "enrollment": 236, "urban_rural": "Urbano", "altitude_m": 1082.8, "tmax_avg_c": 29.6, "pet_avg_c": 34.1, "wbgt_avg_c": 28.2, "heat_days_30": 73, "heat_days_35": 4, "tx90p": 12.4, "wsdi": 13, "wellbeing_score": 55.2, "health_index": 67.8}}, {"type": "Feature", "geometry": {"type": "Point", "coordinates": [-74.00007, 11.58662]}, "properties": {"school_id": "CO0094", "school_name": "Escuela Simon Bolivar 94", "country": "CO", "admin1": "Atlantico", "admin2": "Atlantico - Comuna 11", "level": "Primaria", "sector": "Publico", "enrollment": 242, "urban_rural": "Urbano", "altitude_m": 0.0, "tmax_avg_c": 33.4, "pet_avg_c": 35.4, "wbgt_avg_c": 32.3, "heat_days_30": 123, "heat_days_35": 31, "tx90p": 14.1, "wsdi": 62, "wellbeing_score": 72.4, "health_index": 66.6}}, {"type": "Feature", "geometry": {"type": "Point", "coordinates": [-73.33271, 6.4592]}, "properties": {"school_id": "CO0095", "school_name": "Escuela San Martin 95", "country": "CO", "admin1": "Santander", "admin2": "Santander - Comuna 12", "level": "Primaria", "sector": "Subvencionado", "enrollment": 402, "urban_rural": "Urbano", "altitude_m": 1098.5, "tmax_avg_c": 26.3, "pet_avg_c": 31.2, "wbgt_avg_c": 24.1, "heat_days_30": 13, "heat_days_35": 1, "tx90p": 12.0, "wsdi": 8, "wellbeing_score": 71.2, "health_index": 69.8}}, {"type": "Feature", "geometry": {"type": "Point", "coordinates": [-74.15603, 5.58732]}, "properties": {"school_id": "CO0096", "school_name": "Escuela Santa Rosa 96", "country": "CO", "admin1": "Cundinamarca", "admin2": "Cundinamarca - Comuna 1", "level": "Inicial", "sector": "Subvencionado", "enrollment": 273, "urban_rural": "Rural", "altitude_m": 2617.3, "tmax_avg_c": 19.2, "pet_avg_c": 22.7, "wbgt_avg_c": 16.2, "heat_days_30": 0, "heat_days_35": 0, "tx90p": 13.2, "wsdi": 1, "wellbeing_score": 63.8, "health_index": 81.7}}, {"type": "Feature", "geometry": {"type": "Point", "coordinates": [-75.19013, 10.84392]}, "properties": {"school_id": "CO0097", "school_name": "Escuela Los Alamos 97", "country": "CO", "admin1": "Bolivar", "admin2": "Bolivar - Comuna 2", "level": "Primaria", "sector": "Publico", "enrollment": 577, "urban_rural": "Urbano", "altitude_m": 0.0, "tmax_avg_c": 31.6, "pet_avg_c": 36.8, "wbgt_avg_c": 30.0, "heat_days_30": 102, "heat_days_35": 30, "tx90p": 13.1, "wsdi": 40, "wellbeing_score": 67.1, "health_index": 61.0}}, {"type": "Feature", "geometry": {"type": "Point", "coordinates": [-77.93596, 0.06305]}, "properties": {"school_id": "CO0098", "school_name": "Escuela El Bosque 98", "country": "CO", "admin1": "Narino", "admin2": "Narino - Comuna 3", "level": "Inicial", "sector": "Publico", "enrollment": 170, "urban_rural": "Urbano", "altitude_m": 2649.3, "tmax_avg_c": 20.2, "pet_avg_c": 25.5, "wbgt_avg_c": 19.1, "heat_days_30": 0, "heat_days_35": 0, "tx90p": 9.2, "wsdi": 0, "wellbeing_score": 66.6, "health_index": 79.5}}, {"type": "Feature", "geometry": {"type": "Point", "coordinates": [-73.4299, 5.13142]}, "properties": {"school_id": "CO0099", "school_name": "Escuela Santa Rosa 99", "country": "CO", "admin1": "Boyaca", "admin2": "Boyaca - Comuna 4", "level": "Secundaria", "sector": "Subvencionado", "enrollment": 513, "urban_rural": "Rural", "altitude_m": 2745.8, "tmax_avg_c": 19.9, "pet_avg_c": 23.5, "wbgt_avg_c": 18.8, "heat_days_30": 0, "heat_days_35": 0, "tx90p": 14.7, "wsdi": 0, "wellbeing_score": 66.2, "health_index": 80.7}}, {"type": "Feature", "geometry": {"type": "Point", "coordinates": [-75.26985, 5.82678]}, "properties": {"school_id": "CO0100", "school_name": "Escuela El Bosque 100", "country": "CO", "admin1": "Risaralda", "admin2": "Risaralda - Comuna 5", "level": "Primaria", "sector": "Subvencionado", "enrollment": 294, "urban_rural": "Urbano", "altitude_m": 1315.9, "tmax_avg_c": 23.5, "pet_avg_c": 26.2, "wbgt_avg_c": 21.4, "heat_days_30": 0, "heat_days_35": 0, "tx90p": 11.9, "wsdi": 0, "wellbeing_score": 59.2, "health_index": 74.5}}, {"type": "Feature", "geometry": {"type": "Point", "coordinates": [-74.51768, 4.97273]}, "properties": {"school_id": "CO0101", "school_name": "Escuela San Martin 101", "country": "CO", "admin1": "Bogota D.C.", "admin2": "Bogota D.C. - Comuna 6", "level": "Secundaria", "sector": "Publico", "enrollment": 190, "urban_rural": "Urbano", "altitude_m": 2602.5, "tmax_avg_c": 20.6, "pet_avg_c": 25.8, "wbgt_avg_c": 17.4, "heat_days_30": 0, "heat_days_35": 0, "tx90p": 13.3, "wsdi": 0, "wellbeing_score": 35.4, "health_index": 87.3}}, {"type": "Feature", "geometry": {"type": "Point", "coordinates": [-75.76758, 6.32188]}, "properties": {"school_id": "CO0102", "school_name": "Escuela Los Andes 102", "country": "CO", "admin1": "Antioquia", "admin2": "Antioquia - Comuna 7", "level": "Secundaria", "sector": "Publico", "enrollment": 556, "urban_rural": "Urbano", "altitude_m": 1368.9, "tmax_avg_c": 27.6, "pet_avg_c": 29.2, "wbgt_avg_c": 24.8, "heat_days_30": 18, "heat_days_35": 4, "tx90p": 10.3, "wsdi": 7, "wellbeing_score": 55.9, "health_index": 88.0}}, {"type": "Feature", "geometry": {"type": "Point", "coordinates": [-76.97825, 3.24051]}, "properties": {"school_id": "CO0103", "school_name": "Escuela Alto del Rio 103", "country": "CO", "admin1": "Valle del Cauca", "admin2": "Valle del Cauca - Comuna 8", "level": "Primaria", "sector": "Privado", "enrollment": 279, "urban_rural": "Urbano", "altitude_m": 1118.3, "tmax_avg_c": 25.8, "pet_avg_c": 31.1, "wbgt_avg_c": 23.2, "heat_days_30": 33, "heat_days_35": 4, "tx90p": 10.8, "wsdi": 9, "wellbeing_score": 75.6, "health_index": 70.4}}, {"type": "Feature", "geometry": {"type": "Point", "coordinates": [-75.10221, 10.29029]}, "properties": {"school_id": "CO0104", "school_name": "Escuela Villa del Sol 104", "country": "CO", "admin1": "Atlantico", "admin2": "Atlantico - Comuna 9", "level": "Inicial", "sector": "Publico", "enrollment": 279, "urban_rural": "Urbano", "altitude_m": 0.0, "tmax_avg_c": 32.7, "pet_avg_c": 34.9, "wbgt_avg_c": 29.4, "heat_days_30": 138, "heat_days_35": 24, "tx90p": 11.7, "wsdi": 22, "wellbeing_score": 47.2, "health_index": 65.5}}, {"type": "Feature", "geometry": {"type": "Point", "coordinates": [-73.48521, 6.48831]}, "properties": {"school_id": "CO0105", "school_name": "Escuela San Martin 105", "country": "CO", "admin1": "Santander", "admin2": "Santander - Comuna 10", "level": "Primaria", "sector": "Publico", "enrollment": 309, "urban_rural": "Rural", "altitude_m": 920.3, "tmax_avg_c": 28.8, "pet_avg_c": 33.5, "wbgt_avg_c": 25.3, "heat_days_30": 64, "heat_days_35": 17, "tx90p": 13.7, "wsdi": 10, "wellbeing_score": 63.1, "health_index": 75.8}}, {"type": "Feature", "geometry": {"type": "Point", "coordinates": [-73.99374, 5.14976]}, "properties": {"school_id": "CO0106", "school_name": "Escuela El Bosque 106", "country": "CO", "admin1": "Cundinamarca", "admin2": "Cundinamarca - Comuna 11", "level": "Primaria", "sector": "Subvencionado", "enrollment": 324, "urban_rural": "Urbano", "altitude_m": 2540.8, "tmax_avg_c": 20.0, "pet_avg_c": 21.9, "wbgt_avg_c": 18.0, "heat_days_30": 0, "heat_days_35": 0, "tx90p": 10.5, "wsdi": 1, "wellbeing_score": 35.9, "health_index": 68.1}}, {"type": "Feature", "geometry": {"type": "Point", "coordinates": [-76.10752, 11.31215]}, "properties": {"school_id": "CO0107", "school_name": "Escuela Los Andes 107", "country": "CO", "admin1": "Bolivar", "admin2": "Bolivar - Comuna 12", "level": "Primaria", "sector": "Publico", "enrollment": 142, "urban_rural": "Rural", "altitude_m": 0.0, "tmax_avg_c": 32.4, "pet_avg_c": 35.8, "wbgt_avg_c": 30.0, "heat_days_30": 120, "heat_days_35": 17, "tx90p": 14.0, "wsdi": 40, "wellbeing_score": 66.8, "health_index": 69.8}}, {"type": "Feature", "geometry": {"type": "Point", "coordinates": [-77.99565, 1.20751]}, "properties": {"school_id": "CO0108", "school_name": "Escuela El Progreso 108", "country": "CO", "admin1": "Narino", "admin2": "Narino - Comuna 1", "level": "Secundaria", "sector": "Publico", "enrollment": 157, "urban_rural": "Urbano", "altitude_m": 2434.4, "tmax_avg_c": 19.2, "pet_avg_c": 22.9, "wbgt_avg_c": 17.4, "heat_days_30": 0, "heat_days_35": 0, "tx90p": 8.2, "wsdi": 3, "wellbeing_score": 66.2, "health_index": 82.7}}, {"type": "Feature", "geometry": {"type": "Point", "coordinates": [-72.75909, 6.4567]}, "properties": {"school_id": "CO0109", "school_name": "Escuela San Martin 109", "country": "CO", "admin1": "Boyaca", "admin2": "Boyaca - Comuna 2", "level": "Inicial", "sector": "Privado", "enrollment": 213, "urban_rural": "Urbano", "altitude_m": 2588.7, "tmax_avg_c": 17.4, "pet_avg_c": 21.8, "wbgt_avg_c": 15.1, "heat_days_30": 0, "heat_days_35": 0, "tx90p": 13.4, "wsdi": 0, "wellbeing_score": 58.4, "health_index": 70.9}}, {"type": "Feature", "geometry": {"type": "Point", "coordinates": [-75.20474, 5.86338]}, "properties": {"school_id": "CO0110", "school_name": "Escuela Buenos Aires 110", "country": "CO", "admin1": "Risaralda", "admin2": "Risaralda - Comuna 3", "level": "Secundaria", "sector": "Subvencionado", "enrollment": 253, "urban_rural": "Urbano", "altitude_m": 1492.7, "tmax_avg_c": 24.5, "pet_avg_c": 27.3, "wbgt_avg_c": 23.3, "heat_days_30": 7, "heat_days_35": 0, "tx90p": 15.4, "wsdi": 8, "wellbeing_score": 62.1, "health_index": 93.1}}, {"type": "Feature", "geometry": {"type": "Point", "coordinates": [-73.57919, 5.07431]}, "properties": {"school_id": "CO0111", "school_name": "Escuela Simon Bolivar 111", "country": "CO", "admin1": "Bogota D.C.", "admin2": "Bogota D.C. - Comuna 4", "level": "Inicial", "sector": "Publico", "enrollment": 620, "urban_rural": "Rural", "altitude_m": 2698.0, "tmax_avg_c": 19.5, "pet_avg_c": 23.3, "wbgt_avg_c": 17.5, "heat_days_30": 0, "heat_days_35": 0, "tx90p": 14.0, "wsdi": 0, "wellbeing_score": 61.0, "health_index": 87.2}}, {"type": "Feature", "geometry": {"type": "Point", "coordinates": [-75.37234, 6.67749]}, "properties": {"school_id": "CO0112", "school_name": "Escuela Los Andes 112", "country": "CO", "admin1": "Antioquia", "admin2": "Antioquia - Comuna 5", "level": "Primaria", "sector": "Privado", "enrollment": 168, "urban_rural": "Urbano", "altitude_m": 1533.7, "tmax_avg_c": 26.4, "pet_avg_c": 31.8, "wbgt_avg_c": 22.7, "heat_days_30": 39, "heat_days_35": 9, "tx90p": 15.7, "wsdi": 4, "wellbeing_score": 72.0, "health_index": 70.8}}, {"type": "Feature", "geometry": {"type": "Point", "coordinates": [-75.57057, 3.57527]}, "properties": {"school_id": "CO0113", "school_name": "Escuela Los Alamos 113", "country": "CO", "admin1": "Valle del Cauca", "admin2": "Valle del Cauca - Comuna 6", "level": "Secundaria", "sector": "Publico", "enrollment": 184, "urban_rural": "Rural", "altitude_m": 1110.5, "tmax_avg_c": 28.9, "pet_avg_c": 32.4, "wbgt_avg_c": 27.4, "heat_days_30": 62, "heat_days_35": 13, "tx90p": 16.9, "wsdi": 15, "wellbeing_score": 65.9, "health_index": 84.5}}, {"type": "Feature", "geometry": {"type": "Point", "coordinates": [-74.40375, 10.20532]}, "properties": {"school_id": "CO0114", "school_name": "Escuela El Bosque 114", "country": "CO", "admin1": "Atlantico", "admin2": "Atlantico - Comuna 7", "level": "Inicial", "sector": "Publico", "enrollment": 253, "urban_rural": "Urbano", "altitude_m": 18.3, "tmax_avg_c": 32.1, "pet_avg_c": 34.7, "wbgt_avg_c": 31.0, "heat_days_30": 125, "heat_days_35": 25, "tx90p": 7.9, "wsdi": 48, "wellbeing_score": 60.9, "health_index": 79.9}}, {"type": "Feature", "geometry": {"type": "Point", "coordinates": [-72.23571, 7.34615]}, "properties": {"school_id": "CO0115", "school_name": "Escuela Nueva Esperanza 115", "country": "CO", "admin1": "Santander", "admin2": "Santander - Comuna 8", "level": "Primaria", "sector": "Publico", "enrollment": 206, "urban_rural": "Rural", "altitude_m": 887.9, "tmax_avg_c": 26.6, "pet_avg_c": 29.2, "wbgt_avg_c": 24.0, "heat_days_30": 23, "heat_days_35": 6, "tx90p": 13.1, "wsdi": 3, "wellbeing_score": 85.5, "health_index": 89.0}}, {"type": "Feature", "geometry": {"type": "Point", "coordinates": [-73.63159, 4.24021]}, "properties": {"school_id": "CO0116", "school_name": "Escuela Villa del Sol 116", "country": "CO", "admin1": "Cundinamarca", "admin2": "Cundinamarca - Comuna 9", "level": "Primaria", "sector": "Privado", "enrollment": 168, "urban_rural": "Urbano", "altitude_m": 2376.0, "tmax_avg_c": 19.7, "pet_avg_c": 24.4, "wbgt_avg_c": 18.6, "heat_days_30": 0, "heat_days_35": 0, "tx90p": 7.7, "wsdi": 0, "wellbeing_score": 63.3, "health_index": 80.1}}, {"type": "Feature", "geometry": {"type": "Point", "coordinates": [-75.76551, 11.00559]}, "properties": {"school_id": "CO0117", "school_name": "Escuela Amanecer 117", "country": "CO", "admin1": "Bolivar", "admin2": "Bolivar - Comuna 10", "level": "Primaria", "sector": "Subvencionado", "enrollment": 189, "urban_rural": "Urbano", "altitude_m": 0.0, "tmax_avg_c": 29.7, "pet_avg_c": 32.3, "wbgt_avg_c": 26.0, "heat_days_30": 112, "heat_days_35": 8, "tx90p": 10.8, "wsdi": 44, "wellbeing_score": 62.1, "health_index": 85.4}}, {"type": "Feature", "geometry": {"type": "Point", "coordinates": [-77.19698, 1.08037]}, "properties": {"school_id": "CO0118", "school_name": "Escuela El Bosque 118", "country": "CO", "admin1": "Narino", "admin2": "Narino - Comuna 11", "level": "Primaria", "sector": "Publico", "enrollment": 448, "urban_rural": "Urbano", "altitude_m": 2750.0, "tmax_avg_c": 19.2, "pet_avg_c": 23.8, "wbgt_avg_c": 15.7, "heat_days_30": 0, "heat_days_35": 0, "tx90p": 12.8, "wsdi": 0, "wellbeing_score": 71.0, "health_index": 75.6}}, {"type": "Feature", "geometry": {"type": "Point", "coordinates": [-73.11637, 6.00069]}, "properties": {"school_id": "CO0119", "school_name": "Escuela Los Alamos 119", "country": "CO", "admin1": "Boyaca", "admin2": "Boyaca - Comuna 12", "level": "Primaria", "sector": "Subvencionado", "enrollment": 234, "urban_rural": "Rural", "altitude_m": 2810.1, "tmax_avg_c": 17.9, "pet_avg_c": 22.4, "wbgt_avg_c": 15.2, "heat_days_30": 0, "heat_days_35": 0, "tx90p": 13.8, "wsdi": 1, "wellbeing_score": 58.8, "health_index": 84.9}}, {"type": "Feature", "geometry": {"type": "Point", "coordinates": [-75.88151, 5.43387]}, "properties": {"school_id": "CO0120", "school_name": "Escuela Las Flores 120", "country": "CO", "admin1": "Risaralda", "admin2": "Risaralda - Comuna 1", "level": "Secundaria", "sector": "Publico", "enrollment": 257, "urban_rural": "Urbano", "altitude_m": 1280.2, "tmax_avg_c": 28.3, "pet_avg_c": 33.7, "wbgt_avg_c": 26.0, "heat_days_30": 65, "heat_days_35": 6, "tx90p": 12.3, "wsdi": 20, "wellbeing_score": 64.4, "health_index": 72.3}}, {"type": "Feature", "geometry": {"type": "Point", "coordinates": [-73.74904, 4.79411]}, "properties": {"school_id": "CO0121", "school_name": "Escuela Alto del Rio 121", "country": "CO", "admin1": "Bogota D.C.", "admin2": "Bogota D.C. - Comuna 2", "level": "Secundaria", "sector": "Publico", "enrollment": 182, "urban_rural": "Urbano", "altitude_m": 2498.6, "tmax_avg_c": 20.8, "pet_avg_c": 24.2, "wbgt_avg_c": 17.2, "heat_days_30": 0, "heat_days_35": 0, "tx90p": 9.2, "wsdi": 0, "wellbeing_score": 66.0, "health_index": 73.2}}, {"type": "Feature", "geometry": {"type": "Point", "coordinates": [-76.79797, 6.01451]}, "properties": {"school_id": "CO0122", "school_name": "Escuela El Progreso 122", "country": "CO", "admin1": "Antioquia", "admin2": "Antioquia - Comuna 3", "level": "Secundaria", "sector": "Subvencionado", "enrollment": 250, "urban_rural": "Urbano", "altitude_m": 1553.5, "tmax_avg_c": 28.2, "pet_avg_c": 33.0, "wbgt_avg_c": 26.6, "heat_days_30": 47, "heat_days_35": 7, "tx90p": 9.8, "wsdi": 18, "wellbeing_score": 71.5, "health_index": 82.9}}, {"type": "Feature", "geometry": {"type": "Point", "coordinates": [-76.06905, 3.77099]}, "properties": {"school_id": "CO0123", "school_name": "Escuela El Progreso 123", "country": "CO", "admin1": "Valle del Cauca", "admin2": "Valle del Cauca - Comuna 4", "level": "Primaria", "sector": "Privado", "enrollment": 453, "urban_rural": "Urbano", "altitude_m": 911.6, "tmax_avg_c": 29.6, "pet_avg_c": 33.2, "wbgt_avg_c": 28.0, "heat_days_30": 77, "heat_days_35": 3, "tx90p": 12.2, "wsdi": 26, "wellbeing_score": 67.4, "health_index": 68.3}}, {"type": "Feature", "geometry": {"type": "Point", "coordinates": [-75.22616, 10.90739]}, "properties": {"school_id": "CO0124", "school_name": "Escuela Santa Rosa 124", "country": "CO", "admin1": "Atlantico", "admin2": "Atlantico - Comuna 5", "level": "Secundaria", "sector": "Publico", "enrollment": 303, "urban_rural": "Urbano", "altitude_m": 0.0, "tmax_avg_c": 31.6, "pet_avg_c": 34.4, "wbgt_avg_c": 30.4, "heat_days_30": 92, "heat_days_35": 13, "tx90p": 16.4, "wsdi": 41, "wellbeing_score": 37.1, "health_index": 77.6}}, {"type": "Feature", "geometry": {"type": "Point", "coordinates": [-72.98494, 6.52541]}, "properties": {"school_id": "CO0125", "school_name": "Escuela Santa Rosa 125", "country": "CO", "admin1": "Santander", "admin2": "Santander - Comuna 6", "level": "Primaria", "sector": "Publico", "enrollment": 163, "urban_rural": "Urbano", "altitude_m": 806.1, "tmax_avg_c": 30.1, "pet_avg_c": 33.0, "wbgt_avg_c": 28.5, "heat_days_30": 92, "heat_days_35": 7, "tx90p": 16.2, "wsdi": 19, "wellbeing_score": 68.7, "health_index": 70.3}}, {"type": "Feature", "geometry": {"type": "Point", "coordinates": [-73.55709, 5.36359]}, "properties": {"school_id": "CO0126", "school_name": "Escuela Amanecer 126", "country": "CO", "admin1": "Cundinamarca", "admin2": "Cundinamarca - Comuna 7", "level": "Primaria", "sector": "Publico", "enrollment": 304, "urban_rural": "Urbano", "altitude_m": 2563.2, "tmax_avg_c": 21.8, "pet_avg_c": 26.2, "wbgt_avg_c": 18.8, "heat_days_30": 0, "heat_days_35": 0, "tx90p": 12.7, "wsdi": 0, "wellbeing_score": 70.4, "health_index": 75.0}}, {"type": "Feature", "geometry": {"type": "Point", "coordinates": [-75.51666, 11.5658]}, "properties": {"school_id": "CO0127", "school_name": "Escuela El Bosque 127", "country": "CO", "admin1": "Bolivar", "admin2": "Bolivar - Comuna 8", "level": "Primaria", "sector": "Publico", "enrollment": 464, "urban_rural": "Urbano", "altitude_m": 124.4, "tmax_avg_c": 33.3, "pet_avg_c": 38.1, "wbgt_avg_c": 31.7, "heat_days_30": 137, "heat_days_35": 32, "tx90p": 14.3, "wsdi": 32, "wellbeing_score": 51.4, "health_index": 66.6}}, {"type": "Feature", "geometry": {"type": "Point", "coordinates": [-75.93304, 1.68453]}, "properties": {"school_id": "CO0128", "school_name": "Escuela Las Colinas 128", "country": "CO", "admin1": "Narino", "admin2": "Narino - Comuna 9", "level": "Inicial", "sector": "Publico", "enrollment": 397, "urban_rural": "Urbano", "altitude_m": 2288.3, "tmax_avg_c": 18.3, "pet_avg_c": 21.2, "wbgt_avg_c": 16.6, "heat_days_30": 0, "heat_days_35": 0, "tx90p": 8.4, "wsdi": 3, "wellbeing_score": 83.3, "health_index": 79.2}}, {"type": "Feature", "geometry": {"type": "Point", "coordinates": [-73.72098, 5.52626]}, "properties": {"school_id": "CO0129", "school_name": "Escuela Amanecer 129", "country": "CO", "admin1": "Boyaca", "admin2": "Boyaca - Comuna 10", "level": "Primaria", "sector": "Privado", "enrollment": 311, "urban_rural": "Urbano", "altitude_m": 2955.0, "tmax_avg_c": 18.9, "pet_avg_c": 21.1, "wbgt_avg_c": 17.6, "heat_days_30": 0, "heat_days_35": 0, "tx90p": 15.6, "wsdi": 2, "wellbeing_score": 63.3, "health_index": 71.7}}, {"type": "Feature", "geometry": {"type": "Point", "coordinates": [-75.88289, 5.21978]}, "properties": {"school_id": "CO0130", "school_name": "Escuela Las Colinas 130", "country": "CO", "admin1": "Risaralda", "admin2": "Risaralda - Comuna 11", "level": "Primaria", "sector": "Subvencionado", "enrollment": 221, "urban_rural": "Urbano", "altitude_m": 1452.7, "tmax_avg_c": 25.0, "pet_avg_c": 28.4, "wbgt_avg_c": 23.3, "heat_days_30": 2, "heat_days_35": 0, "tx90p": 13.8, "wsdi": 2, "wellbeing_score": 58.1, "health_index": 77.1}}, {"type": "Feature", "geometry": {"type": "Point", "coordinates": [-75.10734, 4.41412]}, "properties": {"school_id": "CO0131", "school_name": "Escuela Jose Marti 131", "country": "CO", "admin1": "Bogota D.C.", "admin2": "Bogota D.C. - Comuna 12", "level": "Primaria", "sector": "Subvencionado", "enrollment": 185, "urban_rural": "Rural", "altitude_m": 2339.4, "tmax_avg_c": 19.0, "pet_avg_c": 21.7, "wbgt_avg_c": 16.2, "heat_days_30": 0, "heat_days_35": 0, "tx90p": 15.4, "wsdi": 3, "wellbeing_score": 57.5, "health_index": 71.3}}, {"type": "Feature", "geometry": {"type": "Point", "coordinates": [-75.54037, 5.98702]}, "properties": {"school_id": "CO0132", "school_name": "Escuela El Bosque 132", "country": "CO", "admin1": "Antioquia", "admin2": "Antioquia - Comuna 1", "level": "Primaria", "sector": "Publico", "enrollment": 269, "urban_rural": "Rural", "altitude_m": 1452.3, "tmax_avg_c": 26.9, "pet_avg_c": 28.7, "wbgt_avg_c": 25.8, "heat_days_30": 28, "heat_days_35": 5, "tx90p": 11.8, "wsdi": 19, "wellbeing_score": 60.9, "health_index": 62.4}}, {"type": "Feature", "geometry": {"type": "Point", "coordinates": [-77.74917, 3.31362]}, "properties": {"school_id": "CO0133", "school_name": "Escuela Los Andes 133", "country": "CO", "admin1": "Valle del Cauca", "admin2": "Valle del Cauca - Comuna 2", "level": "Secundaria", "sector": "Publico", "enrollment": 170, "urban_rural": "Urbano", "altitude_m": 840.2, "tmax_avg_c": 29.9, "pet_avg_c": 34.3, "wbgt_avg_c": 26.5, "heat_days_30": 90, "heat_days_35": 6, "tx90p": 12.8, "wsdi": 31, "wellbeing_score": 59.5, "health_index": 62.3}}, {"type": "Feature", "geometry": {"type": "Point", "coordinates": [-75.26867, 11.73699]}, "properties": {"school_id": "CO0134", "school_name": "Escuela Los Andes 134", "country": "CO", "admin1": "Atlantico", "admin2": "Atlantico - Comuna 3", "level": "Primaria", "sector": "Publico", "enrollment": 194, "urban_rural": "Urbano", "altitude_m": 238.0, "tmax_avg_c": 30.3, "pet_avg_c": 32.4, "wbgt_avg_c": 27.4, "heat_days_30": 95, "heat_days_35": 19, "tx90p": 14.1, "wsdi": 45, "wellbeing_score": 59.6, "health_index": 59.1}}, {"type": "Feature", "geometry": {"type": "Point", "coordinates": [-72.57867, 6.50434]}, "properties": {"school_id": "CO0135", "school_name": "Escuela Villa del Sol 135", "country": "CO", "admin1": "Santander", "admin2": "Santander - Comuna 4", "level": "Primaria", "sector": "Subvencionado", "enrollment": 329, "urban_rural": "Urbano", "altitude_m": 1054.2, "tmax_avg_c": 27.8, "pet_avg_c": 30.5, "wbgt_avg_c": 24.1, "heat_days_30": 66, "heat_days_35": 15, "tx90p": 15.9, "wsdi": 21, "wellbeing_score": 53.2, "health_index": 77.7}}, {"type": "Feature", "geometry": {"type": "Point", "coordinates": [-74.62021, 4.38832]}, "properties": {"school_id": "CO0136", "school_name": "Escuela Jose Marti 136", "country": "CO", "admin1": "Cundinamarca", "admin2": "Cundinamarca - Comuna 5", "level": "Primaria", "sector": "Privado", "enrollment": 196, "urban_rural": "Rural", "altitude_m": 2612.2, "tmax_avg_c": 20.3, "pet_avg_c": 24.8, "wbgt_avg_c": 18.1, "heat_days_30": 0, "heat_days_35": 0, "tx90p": 12.6, "wsdi": 1, "wellbeing_score": 73.6, "health_index": 77.2}}, {"type": "Feature", "geometry": {"type": "Point", "coordinates": [-75.51052, 10.52927]}, "properties": {"school_id": "CO0137", "school_name": "Escuela Simon Bolivar 137", "country": "CO", "admin1": "Bolivar", "admin2": "Bolivar - Comuna 6", "level": "Primaria", "sector": "Subvencionado", "enrollment": 221, "urban_rural": "Urbano", "altitude_m": 0.0, "tmax_avg_c": 31.2, "pet_avg_c": 34.0, "wbgt_avg_c": 27.9, "heat_days_30": 124, "heat_days_35": 12, "tx90p": 8.8, "wsdi": 52, "wellbeing_score": 77.1, "health_index": 77.5}}, {"type": "Feature", "geometry": {"type": "Point", "coordinates": [-78.318, 0.93103]}, "properties": {"school_id": "CO0138", "school_name": "Escuela Jose Marti 138", "country": "CO", "admin1": "Narino", "admin2": "Narino - Comuna 7", "level": "Inicial", "sector": "Privado", "enrollment": 166, "urban_rural": "Urbano", "altitude_m": 2641.2, "tmax_avg_c": 17.5, "pet_avg_c": 22.1, "wbgt_avg_c": 15.0, "heat_days_30": 0, "heat_days_35": 0, "tx90p": 9.0, "wsdi": 0, "wellbeing_score": 57.6, "health_index": 97.0}}, {"type": "Feature", "geometry": {"type": "Point", "coordinates": [-74.0714, 4.74182]}, "properties": {"school_id": "CO0139", "school_name": "Escuela Jose Marti 139", "country": "CO", "admin1": "Boyaca", "admin2": "Boyaca - Comuna 8", "level": "Secundaria", "sector": "Publico", "enrollment": 538, "urban_rural": "Urbano", "altitude_m": 2911.8, "tmax_avg_c": 18.3, "pet_avg_c": 22.4, "wbgt_avg_c": 16.1, "heat_days_30": 0, "heat_days_35": 0, "tx90p": 10.4, "wsdi": 0, "wellbeing_score": 52.4, "health_index": 80.9}}, {"type": "Feature", "geometry": {"type": "Point", "coordinates": [-75.79917, 5.18746]}, "properties": {"school_id": "CO0140", "school_name": "Escuela Amanecer 140", "country": "CO", "admin1": "Risaralda", "admin2": "Risaralda - Comuna 9", "level": "Inicial", "sector": "Publico", "enrollment": 172, "urban_rural": "Urbano", "altitude_m": 1454.6, "tmax_avg_c": 27.6, "pet_avg_c": 30.4, "wbgt_avg_c": 25.6, "heat_days_30": 48, "heat_days_35": 5, "tx90p": 10.4, "wsdi": 8, "wellbeing_score": 64.5, "health_index": 79.2}}, {"type": "Feature", "geometry": {"type": "Point", "coordinates": [-74.29787, 4.85469]}, "properties": {"school_id": "CO0141", "school_name": "Escuela Buenos Aires 141", "country": "CO", "admin1": "Bogota D.C.", "admin2": "Bogota D.C. - Comuna 10", "level": "Inicial", "sector": "Publico", "enrollment": 459, "urban_rural": "Rural", "altitude_m": 2637.8, "tmax_avg_c": 18.9, "pet_avg_c": 22.9, "wbgt_avg_c": 14.9, "heat_days_30": 0, "heat_days_35": 0, "tx90p": 10.0, "wsdi": 0, "wellbeing_score": 74.9, "health_index": 74.9}}, {"type": "Feature", "geometry": {"type": "Point", "coordinates": [-76.7354, 6.6484]}, "properties": {"school_id": "CO0142", "school_name": "Escuela Alto del Rio 142", "country": "CO", "admin1": "Antioquia", "admin2": "Antioquia - Comuna 11", "level": "Primaria", "sector": "Publico", "enrollment": 285, "urban_rural": "Urbano", "altitude_m": 1183.9, "tmax_avg_c": 29.1, "pet_avg_c": 31.0, "wbgt_avg_c": 25.4, "heat_days_30": 70, "heat_days_35": 14, "tx90p": 13.8, "wsdi": 20, "wellbeing_score": 76.3, "health_index": 78.8}}, {"type": "Feature", "geometry": {"type": "Point", "coordinates": [-76.70163, 3.60234]}, "properties": {"school_id": "CO0143", "school_name": "Escuela San Martin 143", "country": "CO", "admin1": "Valle del Cauca", "admin2": "Valle del Cauca - Comuna 12", "level": "Primaria", "sector": "Publico", "enrollment": 355, "urban_rural": "Urbano", "altitude_m": 1122.6, "tmax_avg_c": 28.2, "pet_avg_c": 30.2, "wbgt_avg_c": 25.5, "heat_days_30": 41, "heat_days_35": 6, "tx90p": 3.0, "wsdi": 9, "wellbeing_score": 57.8, "health_index": 72.9}}, {"type": "Feature", "geometry": {"type": "Point", "coordinates": [-74.98184, 10.67971]}, "properties": {"school_id": "CO0144", "school_name": "Escuela Villa del Sol 144", "country": "CO", "admin1": "Atlantico", "admin2": "Atlantico - Comuna 1", "level": "Primaria", "sector": "Subvencionado", "enrollment": 320, "urban_rural": "Urbano", "altitude_m": 0.0, "tmax_avg_c": 31.1, "pet_avg_c": 35.5, "wbgt_avg_c": 27.7, "heat_days_30": 114, "heat_days_35": 29, "tx90p": 15.8, "wsdi": 36, "wellbeing_score": 86.5, "health_index": 69.6}}, {"type": "Feature", "geometry": {"type": "Point", "coordinates": [-73.12029, 6.71585]}, "properties": {"school_id": "CO0145", "school_name": "Escuela Villa del Sol 145", "country": "CO", "admin1": "Santander", "admin2": "Santander - Comuna 2", "level": "Secundaria", "sector": "Publico", "enrollment": 539, "urban_rural": "Urbano", "altitude_m": 881.1, "tmax_avg_c": 28.6, "pet_avg_c": 30.8, "wbgt_avg_c": 27.2, "heat_days_30": 81, "heat_days_35": 19, "tx90p": 11.2, "wsdi": 39, "wellbeing_score": 69.2, "health_index": 78.4}}, {"type": "Feature", "geometry": {"type": "Point", "coordinates": [-73.61482, 3.8987]}, "properties": {"school_id": "CO0146", "school_name": "Escuela Villa del Sol 146", "country": "CO", "admin1": "Cundinamarca", "admin2": "Cundinamarca - Comuna 3", "level": "Secundaria", "sector": "Privado", "enrollment": 334, "urban_rural": "Urbano", "altitude_m": 2550.2, "tmax_avg_c": 20.0, "pet_avg_c": 23.4, "wbgt_avg_c": 19.0, "heat_days_30": 0, "heat_days_35": 0, "tx90p": 7.7, "wsdi": 0, "wellbeing_score": 63.5, "health_index": 72.6}}, {"type": "Feature", "geometry": {"type": "Point", "coordinates": [-75.6999, 11.02676]}, "properties": {"school_id": "CO0147", "school_name": "Escuela Los Andes 147", "country": "CO", "admin1": "Bolivar", "admin2": "Bolivar - Comuna 4", "level": "Inicial", "sector": "Publico", "enrollment": 461, "urban_rural": "Urbano", "altitude_m": 131.0, "tmax_avg_c": 31.4, "pet_avg_c": 35.3, "wbgt_avg_c": 30.1, "heat_days_30": 109, "heat_days_35": 31, "tx90p": 11.2, "wsdi": 20, "wellbeing_score": 72.5, "health_index": 74.1}}, {"type": "Feature", "geometry": {"type": "Point", "coordinates": [-77.78447, 1.87831]}, "properties": {"school_id": "CO0148", "school_name": "Escuela San Martin 148", "country": "CO", "admin1": "Narino", "admin2": "Narino - Comuna 5", "level": "Secundaria", "sector": "Publico", "enrollment": 286, "urban_rural": "Urbano", "altitude_m": 2615.6, "tmax_avg_c": 17.6, "pet_avg_c": 20.9, "wbgt_avg_c": 15.3, "heat_days_30": 0, "heat_days_35": 0, "tx90p": 10.4, "wsdi": 0, "wellbeing_score": 63.0, "health_index": 68.7}}, {"type": "Feature", "geometry": {"type": "Point", "coordinates": [-73.85771, 6.26354]}, "properties": {"school_id": "CO0149", "school_name": "Escuela Jose Marti 149", "country": "CO", "admin1": "Boyaca", "admin2": "Boyaca - Comuna 6", "level": "Secundaria", "sector": "Privado", "enrollment": 415, "urban_rural": "Urbano", "altitude_m": 2963.3, "tmax_avg_c": 18.2, "pet_avg_c": 20.0, "wbgt_avg_c": 16.0, "heat_days_30": 0, "heat_days_35": 0, "tx90p": 4.9, "wsdi": 6, "wellbeing_score": 66.7, "health_index": 82.1}}, {"type": "Feature", "geometry": {"type": "Point", "coordinates": [-75.39575, 5.06618]}, "properties": {"school_id": "CO0150", "school_name": "Escuela Alto del Rio 150", "country": "CO", "admin1": "Risaralda", "admin2": "Risaralda - Comuna 7", "level": "Primaria", "sector": "Publico", "enrollment": 160, "urban_rural": "Urbano", "altitude_m": 1544.4, "tmax_avg_c": 25.3, "pet_avg_c": 30.1, "wbgt_avg_c": 23.4, "heat_days_30": 47, "heat_days_35": 3, "tx90p": 14.5, "wsdi": 10, "wellbeing_score": 96.0, "health_index": 76.5}}, {"type": "Feature", "geometry": {"type": "Point", "coordinates": [-73.54126, 4.27213]}, "properties": {"school_id": "CO0151", "school_name": "Escuela Simon Bolivar 151", "country": "CO", "admin1": "Bogota D.C.", "admin2": "Bogota D.C. - Comuna 8", "level": "Inicial", "sector": "Privado", "enrollment": 318, "urban_rural": "Urbano", "altitude_m": 2672.8, "tmax_avg_c": 19.5, "pet_avg_c": 21.5, "wbgt_avg_c": 16.6, "heat_days_30": 0, "heat_days_35": 0, "tx90p": 9.3, "wsdi": 0, "wellbeing_score": 72.6, "health_index": 79.7}}, {"type": "Feature", "geometry": {"type": "Point", "coordinates": [-75.46339, 6.09442]}, "properties": {"school_id": "CO0152", "school_name": "Escuela Las Colinas 152", "country": "CO", "admin1": "Antioquia", "admin2": "Antioquia - Comuna 9", "level": "Primaria", "sector": "Publico", "enrollment": 149, "urban_rural": "Urbano", "altitude_m": 1679.0, "tmax_avg_c": 29.3, "pet_avg_c": 31.3, "wbgt_avg_c": 27.8, "heat_days_30": 67, "heat_days_35": 12, "tx90p": 12.0, "wsdi": 20, "wellbeing_score": 46.7, "health_index": 76.5}}, {"type": "Feature", "geometry": {"type": "Point", "coordinates": [-75.49272, 3.52751]}, "properties": {"school_id": "CO0153", "school_name": "Escuela Buenos Aires 153", "country": "CO", "admin1": "Valle del Cauca", "admin2": "Valle del Cauca - Comuna 10", "level": "Secundaria", "sector": "Publico", "enrollment": 331, "urban_rural": "Rural", "altitude_m": 959.0, "tmax_avg_c": 29.7, "pet_avg_c": 33.9, "wbgt_avg_c": 26.6, "heat_days_30": 60, "heat_days_35": 4, "tx90p": 7.7, "wsdi": 17, "wellbeing_score": 73.2, "health_index": 79.1}}, {"type": "Feature", "geometry": {"type": "Point", "coordinates": [-75.44878, 11.35577]}, "properties": {"school_id": "CO0154", "school_name": "Escuela Los Andes 154", "country": "CO", "admin1": "Atlantico", "admin2": "Atlantico - Comuna 11", "level": "Inicial", "sector": "Publico", "enrollment": 192, "urban_rural": "Urbano", "altitude_m": 273.1, "tmax_avg_c": 32.9, "pet_avg_c": 38.0, "wbgt_avg_c": 30.6, "heat_days_30": 132, "heat_days_35": 14, "tx90p": 8.4, "wsdi": 59, "wellbeing_score": 57.2, "health_index": 56.7}}, {"type": "Feature", "geometry": {"type": "Point", "coordinates": [-73.51629, 6.42933]}, "properties": {"school_id": "CO0155", "school_name": "Escuela El Bosque 155", "country": "CO", "admin1": "Santander", "admin2": "Santander - Comuna 12", "level": "Primaria", "sector": "Publico", "enrollment": 136, "urban_rural": "Rural", "altitude_m": 854.8, "tmax_avg_c": 28.8, "pet_avg_c": 33.7, "wbgt_avg_c": 27.7, "heat_days_30": 58, "heat_days_35": 3, "tx90p": 17.7, "wsdi": 24, "wellbeing_score": 53.7, "health_index": 74.5}}, {"type": "Feature", "geometry": {"type": "Point", "coordinates": [-74.34378, 4.24291]}, "properties": {"school_id": "CO0156", "school_name": "Escuela El Bosque 156", "country": "CO", "admin1": "Cundinamarca", "admin2": "Cundinamarca - Comuna 1", "level": "Inicial", "sector": "Subvencionado", "enrollment": 171, "urban_rural": "Urbano", "altitude_m": 2367.8, "tmax_avg_c": 20.2, "pet_avg_c": 21.8, "wbgt_avg_c": 16.6, "heat_days_30": 0, "heat_days_35": 0, "tx90p": 10.3, "wsdi": 2, "wellbeing_score": 62.4, "health_index": 79.7}}, {"type": "Feature", "geometry": {"type": "Point", "coordinates": [-75.7124, 11.26849]}, "properties": {"school_id": "CO0157", "school_name": "Escuela El Bosque 157", "country": "CO", "admin1": "Bolivar", "admin2": "Bolivar - Comuna 2", "level": "Secundaria", "sector": "Publico", "enrollment": 289, "urban_rural": "Urbano", "altitude_m": 0.0, "tmax_avg_c": 31.3, "pet_avg_c": 36.3, "wbgt_avg_c": 28.7, "heat_days_30": 100, "heat_days_35": 8, "tx90p": 9.4, "wsdi": 52, "wellbeing_score": 68.3, "health_index": 72.5}}, {"type": "Feature", "geometry": {"type": "Point", "coordinates": [-77.0891, 1.45748]}, "properties": {"school_id": "CO0158", "school_name": "Escuela Los Alamos 158", "country": "CO", "admin1": "Narino", "admin2": "Narino - Comuna 3", "level": "Inicial", "sector": "Subvencionado", "enrollment": 81, "urban_rural": "Urbano", "altitude_m": 2333.7, "tmax_avg_c": 19.1, "pet_avg_c": 21.8, "wbgt_avg_c": 15.5, "heat_days_30": 0, "heat_days_35": 0, "tx90p": 11.7, "wsdi": 0, "wellbeing_score": 79.9, "health_index": 77.3}}, {"type": "Feature", "geometry": {"type": "Point", "coordinates": [-73.30294, 4.97587]}, "properties": {"school_id": "CO0159", "school_name": "Escuela Amanecer 159", "country": "CO", "admin1": "Boyaca", "admin2": "Boyaca - Comuna 4", "level": "Secundaria", "sector": "Publico", "enrollment": 472, "urban_rural": "Urbano", "altitude_m": 2838.9, "tmax_avg_c": 17.2, "pet_avg_c": 21.2, "wbgt_avg_c": 14.5, "heat_days_30": 0, "heat_days_35": 0, "tx90p": 11.5, "wsdi": 0, "wellbeing_score": 64.6, "health_index": 87.9}}, {"type": "Feature", "geometry": {"type": "Point", "coordinates": [-74.86909, 4.87071]}, "properties": {"school_id": "CO0160", "school_name": "Escuela Las Flores 160", "country": "CO", "admin1": "Risaralda", "admin2": "Risaralda - Comuna 5", "level": "Primaria", "sector": "Publico", "enrollment": 350, "urban_rural": "Urbano", "altitude_m": 1127.0, "tmax_avg_c": 25.9, "pet_avg_c": 30.0, "wbgt_avg_c": 24.2, "heat_days_30": 19, "heat_days_35": 3, "tx90p": 16.3, "wsdi": 8, "wellbeing_score": 77.2, "health_index": 61.9}}, {"type": "Feature", "geometry": {"type": "Point", "coordinates": [-73.68514, 4.87731]}, "properties": {"school_id": "CO0161", "school_name": "Escuela Jose Marti 161", "country": "CO", "admin1": "Bogota D.C.", "admin2": "Bogota D.C. - Comuna 6", "level": "Primaria", "sector": "Subvencionado", "enrollment": 152, "urban_rural": "Urbano", "altitude_m": 2771.5, "tmax_avg_c": 17.2, "pet_avg_c": 19.4, "wbgt_avg_c": 14.5, "heat_days_30": 0, "heat_days_35": 0, "tx90p": 13.3, "wsdi": 0, "wellbeing_score": 76.2, "health_index": 82.3}}, {"type": "Feature", "geometry": {"type": "Point", "coordinates": [-75.64988, 6.67092]}, "properties": {"school_id": "CO0162", "school_name": "Escuela Las Flores 162", "country": "CO", "admin1": "Antioquia", "admin2": "Antioquia - Comuna 7", "level": "Primaria", "sector": "Subvencionado", "enrollment": 535, "urban_rural": "Urbano", "altitude_m": 1789.2, "tmax_avg_c": 25.7, "pet_avg_c": 29.7, "wbgt_avg_c": 24.2, "heat_days_30": 9, "heat_days_35": 1, "tx90p": 11.8, "wsdi": 2, "wellbeing_score": 67.6, "health_index": 94.1}}, {"type": "Feature", "geometry": {"type": "Point", "coordinates": [-76.45433, 3.65182]}, "properties": {"school_id": "CO0163", "school_name": "Escuela Nueva Esperanza 163", "country": "CO", "admin1": "Valle del Cauca", "admin2": "Valle del Cauca - Comuna 8", "level": "Primaria", "sector": "Publico", "enrollment": 719, "urban_rural": "Urbano", "altitude_m": 924.7, "tmax_avg_c": 28.4, "pet_avg_c": 32.8, "wbgt_avg_c": 25.0, "heat_days_30": 76, "heat_days_35": 8, "tx90p": 6.6, "wsdi": 40, "wellbeing_score": 56.6, "health_index": 69.6}}, {"type": "Feature", "geometry": {"type": "Point", "coordinates": [-74.81644, 11.34444]}, "properties": {"school_id": "CO0164", "school_name": "Escuela Amanecer 164", "country": "CO", "admin1": "Atlantico", "admin2": "Atlantico - Comuna 9", "level": "Secundaria", "sector": "Publico", "enrollment": 302, "urban_rural": "Urbano", "altitude_m": 11.4, "tmax_avg_c": 32.2, "pet_avg_c": 34.8, "wbgt_avg_c": 29.2, "heat_days_30": 106, "heat_days_35": 22, "tx90p": 12.1, "wsdi": 30, "wellbeing_score": 94.4, "health_index": 68.6}}, {"type": "Feature", "geometry": {"type": "Point", "coordinates": [-74.08157, 7.55467]}, "properties": {"school_id": "CO0165", "school_name": "Escuela El Bosque 165", "country": "CO", "admin1": "Santander", "admin2": "Santander - Comuna 10", "level": "Primaria", "sector": "Subvencionado", "enrollment": 127, "urban_rural": "Urbano", "altitude_m": 1028.5, "tmax_avg_c": 26.6, "pet_avg_c": 30.4, "wbgt_avg_c": 23.6, "heat_days_30": 39, "heat_days_35": 11, "tx90p": 11.3, "wsdi": 12, "wellbeing_score": 62.1, "health_index": 95.3}}, {"type": "Feature", "geometry": {"type": "Point", "coordinates": [-73.38613, 5.87442]}, "properties": {"school_id": "CO0166", "school_name": "Escuela Buenos Aires 166", "country": "CO", "admin1": "Cundinamarca", "admin2": "Cundinamarca - Comuna 11", "level": "Inicial", "sector": "Publico", "enrollment": 879, "urban_rural": "Urbano", "altitude_m": 2664.3, "tmax_avg_c": 18.9, "pet_avg_c": 21.6, "wbgt_avg_c": 15.0, "heat_days_30": 0, "heat_days_35": 0, "tx90p": 12.5, "wsdi": 1, "wellbeing_score": 58.0, "health_index": 67.3}}, {"type": "Feature", "geometry": {"type": "Point", "coordinates": [-75.14397, 10.15212]}, "properties": {"school_id": "CO0167", "school_name": "Escuela El Progreso 167", "country": "CO", "admin1": "Bolivar", "admin2": "Bolivar - Comuna 12", "level": "Inicial", "sector": "Subvencionado", "enrollment": 246, "urban_rural": "Urbano", "altitude_m": 74.7, "tmax_avg_c": 32.6, "pet_avg_c": 36.0, "wbgt_avg_c": 29.8, "heat_days_30": 140, "heat_days_35": 11, "tx90p": 9.2, "wsdi": 43, "wellbeing_score": 47.6, "health_index": 64.8}}, {"type": "Feature", "geometry": {"type": "Point", "coordinates": [-77.95973, 1.31487]}, "properties": {"school_id": "CO0168", "school_name": "Escuela Los Andes 168", "country": "CO", "admin1": "Narino", "admin2": "Narino - Comuna 1", "level": "Primaria", "sector": "Publico", "enrollment": 368, "urban_rural": "Urbano", "altitude_m": 2465.4, "tmax_avg_c": 20.4, "pet_avg_c": 23.5, "wbgt_avg_c": 16.7, "heat_days_30": 0, "heat_days_35": 0, "tx90p": 12.6, "wsdi": 0, "wellbeing_score": 64.7, "health_index": 71.8}}, {"type": "Feature", "geometry": {"type": "Point", "coordinates": [-73.75337, 5.10741]}, "properties": {"school_id": "CO0169", "school_name": "Escuela Amanecer 169", "country": "CO", "admin1": "Boyaca", "admin2": "Boyaca - Comuna 2", "level": "Inicial", "sector": "Publico", "enrollment": 329, "urban_rural": "Urbano", "altitude_m": 2935.3, "tmax_avg_c": 17.5, "pet_avg_c": 21.6, "wbgt_avg_c": 15.6, "heat_days_30": 0, "heat_days_35": 0, "tx90p": 10.1, "wsdi": 0, "wellbeing_score": 59.0, "health_index": 74.3}}, {"type": "Feature", "geometry": {"type": "Point", "coordinates": [-74.13409, 5.40044]}, "properties": {"school_id": "CO0170", "school_name": "Escuela Las Colinas 170", "country": "CO", "admin1": "Risaralda", "admin2": "Risaralda - Comuna 3", "level": "Primaria", "sector": "Subvencionado", "enrollment": 132, "urban_rural": "Urbano", "altitude_m": 1400.8, "tmax_avg_c": 28.2, "pet_avg_c": 30.5, "wbgt_avg_c": 26.1, "heat_days_30": 70, "heat_days_35": 17, "tx90p": 11.0, "wsdi": 11, "wellbeing_score": 34.5, "health_index": 90.4}}, {"type": "Feature", "geometry": {"type": "Point", "coordinates": [-74.36503, 4.98435]}, "properties": {"school_id": "CO0171", "school_name": "Escuela Buenos Aires 171", "country": "CO", "admin1": "Bogota D.C.", "admin2": "Bogota D.C. - Comuna 4", "level": "Inicial", "sector": "Publico", "enrollment": 376, "urban_rural": "Urbano", "altitude_m": 2685.1, "tmax_avg_c": 19.9, "pet_avg_c": 23.9, "wbgt_avg_c": 17.9, "heat_days_30": 0, "heat_days_35": 0, "tx90p": 10.5, "wsdi": 0, "wellbeing_score": 67.4, "health_index": 89.6}}, {"type": "Feature", "geometry": {"type": "Point", "coordinates": [-75.21083, 7.16151]}, "properties": {"school_id": "CO0172", "school_name": "Escuela Buenos Aires 172", "country": "CO", "admin1": "Antioquia", "admin2": "Antioquia - Comuna 5", "level": "Secundaria", "sector": "Publico", "enrollment": 443, "urban_rural": "Urbano", "altitude_m": 1521.7, "tmax_avg_c": 26.3, "pet_avg_c": 31.5, "wbgt_avg_c": 24.7, "heat_days_30": 27, "heat_days_35": 6, "tx90p": 11.0, "wsdi": 3, "wellbeing_score": 53.8, "health_index": 75.7}}, {"type": "Feature", "geometry": {"type": "Point", "coordinates": [-77.50336, 3.29299]}, "properties": {"school_id": "CO0173", "school_name": "Escuela Los Alamos 173", "country": "CO", "admin1": "Valle del Cauca", "admin2": "Valle del Cauca - Comuna 6", "level": "Secundaria", "sector": "Publico", "enrollment": 407, "urban_rural": "Urbano", "altitude_m": 1065.1, "tmax_avg_c": 26.5, "pet_avg_c": 29.0, "wbgt_avg_c": 23.2, "heat_days_30": 26, "heat_days_35": 4, "tx90p": 9.7, "wsdi": 10, "wellbeing_score": 86.1, "health_index": 87.2}}, {"type": "Feature", "geometry": {"type": "Point", "coordinates": [-73.72201, 10.54471]}, "properties": {"school_id": "CO0174", "school_name": "Escuela Los Andes 174", "country": "CO", "admin1": "Atlantico", "admin2": "Atlantico - Comuna 7", "level": "Inicial", "sector": "Subvencionado", "enrollment": 216, "urban_rural": "Rural", "altitude_m": 30.3, "tmax_avg_c": 33.6, "pet_avg_c": 38.4, "wbgt_avg_c": 32.2, "heat_days_30": 140, "heat_days_35": 33, "tx90p": 8.1, "wsdi": 58, "wellbeing_score": 76.1, "health_index": 83.6}}, {"type": "Feature", "geometry": {"type": "Point", "coordinates": [-73.39845, 7.36655]}, "properties": {"school_id": "CO0175", "school_name": "Escuela San Martin 175", "country": "CO", "admin1": "Santander", "admin2": "Santander - Comuna 8", "level": "Secundaria", "sector": "Privado", "enrollment": 258, "urban_rural": "Urbano", "altitude_m": 1127.7, "tmax_avg_c": 29.9, "pet_avg_c": 34.5, "wbgt_avg_c": 26.4, "heat_days_30": 100, "heat_days_35": 26, "tx90p": 12.6, "wsdi": 18, "wellbeing_score": 71.4, "health_index": 72.9}}, {"type": "Feature", "geometry": {"type": "Point", "coordinates": [-74.1985, 5.00056]}, "properties": {"school_id": "CO0176", "school_name": "Escuela Villa del Sol 176", "country": "CO", "admin1": "Cundinamarca", "admin2": "Cundinamarca - Comuna 9", "level": "Secundaria", "sector": "Publico", "enrollment": 477, "urban_rural": "Rural", "altitude_m": 2655.4, "tmax_avg_c": 18.8, "pet_avg_c": 23.4, "wbgt_avg_c": 16.0, "heat_days_30": 0, "heat_days_35": 0, "tx90p": 12.2, "wsdi": 4, "wellbeing_score": 77.3, "health_index": 68.1}}, {"type": "Feature", "geometry": {"type": "Point", "coordinates": [-75.15039, 11.022]}, "properties": {"school_id": "CO0177", "school_name": "Escuela Los Alamos 177", "country": "CO", "admin1": "Bolivar", "admin2": "Bolivar - Comuna 10", "level": "Secundaria", "sector": "Publico", "enrollment": 569, "urban_rural": "Urbano", "altitude_m": 0.0, "tmax_avg_c": 34.1, "pet_avg_c": 36.1, "wbgt_avg_c": 31.5, "heat_days_30": 133, "heat_days_35": 19, "tx90p": 6.6, "wsdi": 32, "wellbeing_score": 70.7, "health_index": 72.8}}, {"type": "Feature", "geometry": {"type": "Point", "coordinates": [-77.79909, 1.57517]}, "properties": {"school_id": "CO0178", "school_name": "Escuela Buenos Aires 178", "country": "CO", "admin1": "Narino", "admin2": "Narino - Comuna 11", "level": "Primaria", "sector": "Publico", "enrollment": 227, "urban_rural": "Urbano", "altitude_m": 2499.3, "tmax_avg_c": 19.4, "pet_avg_c": 21.4, "wbgt_avg_c": 17.8, "heat_days_30": 0, "heat_days_35": 0, "tx90p": 6.1, "wsdi": 1, "wellbeing_score": 78.8, "health_index": 84.2}}, {"type": "Feature", "geometry": {"type": "Point", "coordinates": [-72.48484, 6.20363]}, "properties": {"school_id": "CO0179", "school_name": "Escuela San Martin 179", "country": "CO", "admin1": "Boyaca", "admin2": "Boyaca - Comuna 12", "level": "Inicial", "sector": "Publico", "enrollment": 128, "urban_rural": "Urbano", "altitude_m": 2926.5, "tmax_avg_c": 16.3, "pet_avg_c": 20.0, "wbgt_avg_c": 14.1, "heat_days_30": 0, "heat_days_35": 0, "tx90p": 13.9, "wsdi": 0, "wellbeing_score": 55.4, "health_index": 80.6}}, {"type": "Feature", "geometry": {"type": "Point", "coordinates": [-75.49975, 3.99114]}, "properties": {"school_id": "CO0180", "school_name": "Escuela Los Andes 180", "country": "CO", "admin1": "Risaralda", "admin2": "Risaralda - Comuna 1", "level": "Secundaria", "sector": "Publico", "enrollment": 522, "urban_rural": "Urbano", "altitude_m": 1405.1, "tmax_avg_c": 25.5, "pet_avg_c": 30.8, "wbgt_avg_c": 24.2, "heat_days_30": 16, "heat_days_35": 1, "tx90p": 10.8, "wsdi": 7, "wellbeing_score": 73.3, "health_index": 72.9}}, {"type": "Feature", "geometry": {"type": "Point", "coordinates": [-74.6783, 4.94376]}, "properties": {"school_id": "CO0181", "school_name": "Escuela El Progreso 181", "country": "CO", "admin1": "Bogota D.C.", "admin2": "Bogota D.C. - Comuna 2", "level": "Inicial", "sector": "Subvencionado", "enrollment": 506, "urban_rural": "Urbano", "altitude_m": 2635.7, "tmax_avg_c": 20.4, "pet_avg_c": 23.1, "wbgt_avg_c": 18.3, "heat_days_30": 0, "heat_days_35": 0, "tx90p": 14.0, "wsdi": 2, "wellbeing_score": 46.0, "health_index": 87.2}}, {"type": "Feature", "geometry": {"type": "Point", "coordinates": [-75.03067, 5.46949]}, "properties": {"school_id": "CO0182", "school_name": "Escuela Las Colinas 182", "country": "CO", "admin1": "Antioquia", "admin2": "Antioquia - Comuna 3", "level": "Secundaria", "sector": "Publico", "enrollment": 422, "urban_rural": "Urbano", "altitude_m": 1491.1, "tmax_avg_c": 27.2, "pet_avg_c": 30.4, "wbgt_avg_c": 25.8, "heat_days_30": 40, "heat_days_35": 5, "tx90p": 15.1, "wsdi": 21, "wellbeing_score": 60.5, "health_index": 78.7}}, {"type": "Feature", "geometry": {"type": "Point", "coordinates": [-76.74564, 3.69407]}, "properties": {"school_id": "CO0183", "school_name": "Escuela Buenos Aires 183", "country": "CO", "admin1": "Valle del Cauca", "admin2": "Valle del Cauca - Comuna 4", "level": "Primaria", "sector": "Publico", "enrollment": 236, "urban_rural": "Rural", "altitude_m": 1093.0, "tmax_avg_c": 26.7, "pet_avg_c": 32.2, "wbgt_avg_c": 24.1, "heat_days_30": 60, "heat_days_35": 3, "tx90p": 4.3, "wsdi": 21, "wellbeing_score": 49.1, "health_index": 78.3}}, {"type": "Feature", "geometry": {"type": "Point", "coordinates": [-75.22842, 10.28417]}, "properties": {"school_id": "CO0184", "school_name": "Escuela El Bosque 184", "country": "CO", "admin1": "Atlantico", "admin2": "Atlantico - Comuna 5", "level": "Primaria", "sector": "Publico", "enrollment": 151, "urban_rural": "Urbano", "altitude_m": 205.9, "tmax_avg_c": 32.5, "pet_avg_c": 37.7, "wbgt_avg_c": 28.8, "heat_days_30": 138, "heat_days_35": 15, "tx90p": 7.4, "wsdi": 73, "wellbeing_score": 60.1, "health_index": 87.6}}, {"type": "Feature", "geometry": {"type": "Point", "coordinates": [-73.76927, 6.94892]}, "properties": {"school_id": "CO0185", "school_name": "Escuela Las Flores 185", "country": "CO", "admin1": "Santander", "admin2": "Santander - Comuna 6", "level": "Primaria", "sector": "Subvencionado", "enrollment": 226, "urban_rural": "Urbano", "altitude_m": 1037.8, "tmax_avg_c": 28.0, "pet_avg_c": 31.1, "wbgt_avg_c": 25.6, "heat_days_30": 51, "heat_days_35": 6, "tx90p": 17.7, "wsdi": 24, "wellbeing_score": 62.1, "health_index": 77.6}}, {"type": "Feature", "geometry": {"type": "Point", "coordinates": [-73.89742, 4.48296]}, "properties": {"school_id": "CO0186", "school_name": "Escuela Jose Marti 186", "country": "CO", "admin1": "Cundinamarca", "admin2": "Cundinamarca - Comuna 7", "level": "Secundaria", "sector": "Subvencionado", "enrollment": 445, "urban_rural": "Urbano", "altitude_m": 2546.5, "tmax_avg_c": 21.2, "pet_avg_c": 24.0, "wbgt_avg_c": 20.1, "heat_days_30": 0, "heat_days_35": 0, "tx90p": 16.1, "wsdi": 0, "wellbeing_score": 76.8, "health_index": 79.3}}, {"type": "Feature", "geometry": {"type": "Point", "coordinates": [-75.0766, 9.51838]}, "properties": {"school_id": "CO0187", "school_name": "Escuela Amanecer 187", "country": "CO", "admin1": "Bolivar", "admin2": "Bolivar - Comuna 8", "level": "Inicial", "sector": "Publico", "enrollment": 293, "urban_rural": "Urbano", "altitude_m": 0.0, "tmax_avg_c": 33.5, "pet_avg_c": 37.4, "wbgt_avg_c": 30.6, "heat_days_30": 142, "heat_days_35": 33, "tx90p": 10.0, "wsdi": 66, "wellbeing_score": 82.8, "health_index": 67.7}}, {"type": "Feature", "geometry": {"type": "Point", "coordinates": [-77.33187, 1.92335]}, "properties": {"school_id": "CO0188", "school_name": "Escuela Amanecer 188", "country": "CO", "admin1": "Narino", "admin2": "Narino - Comuna 9", "level": "Primaria", "sector": "Publico", "enrollment": 258, "urban_rural": "Urbano", "altitude_m": 2306.7, "tmax_avg_c": 19.2, "pet_avg_c": 24.6, "wbgt_avg_c": 16.1, "heat_days_30": 0, "heat_days_35": 0, "tx90p": 14.1, "wsdi": 0, "wellbeing_score": 74.0, "health_index": 77.1}}, {"type": "Feature", "geometry": {"type": "Point", "coordinates": [-73.5979, 5.12231]}, "properties": {"school_id": "CO0189", "school_name": "Escuela El Bosque 189", "country": "CO", "admin1": "Boyaca", "admin2": "Boyaca - Comuna 10", "level": "Primaria", "sector": "Privado", "enrollment": 192, "urban_rural": "Urbano", "altitude_m": 2689.3, "tmax_avg_c": 20.2, "pet_avg_c": 24.8, "wbgt_avg_c": 18.0, "heat_days_30": 0, "heat_days_35": 0, "tx90p": 10.8, "wsdi": 0, "wellbeing_score": 68.5, "health_index": 86.1}}, {"type": "Feature", "geometry": {"type": "Point", "coordinates": [-76.10674, 5.49925]}, "properties": {"school_id": "CO0190", "school_name": "Escuela Buenos Aires 190", "country": "CO", "admin1": "Risaralda", "admin2": "Risaralda - Comuna 11", "level": "Primaria", "sector": "Subvencionado", "enrollment": 326, "urban_rural": "Rural", "altitude_m": 1303.5, "tmax_avg_c": 24.0, "pet_avg_c": 28.5, "wbgt_avg_c": 22.6, "heat_days_30": 9, "heat_days_35": 2, "tx90p": 12.5, "wsdi": 4, "wellbeing_score": 71.3, "health_index": 71.8}}, {"type": "Feature", "geometry": {"type": "Point", "coordinates": [-74.2326, 5.03611]}, "properties": {"school_id": "CO0191", "school_name": "Escuela Jose Marti 191", "country": "CO", "admin1": "Bogota D.C.", "admin2": "Bogota D.C. - Comuna 12", "level": "Primaria", "sector": "Subvencionado", "enrollment": 246, "urban_rural": "Urbano", "altitude_m": 2544.8, "tmax_avg_c": 23.2, "pet_avg_c": 28.2, "wbgt_avg_c": 20.4, "heat_days_30": 0, "heat_days_35": 0, "tx90p": 14.2, "wsdi": 0, "wellbeing_score": 72.7, "health_index": 97.0}}, {"type": "Feature", "geometry": {"type": "Point", "coordinates": [-76.17927, 5.97419]}, "properties": {"school_id": "CO0192", "school_name": "Escuela El Progreso 192", "country": "CO", "admin1": "Antioquia", "admin2": "Antioquia - Comuna 1", "level": "Secundaria", "sector": "Publico", "enrollment": 247, "urban_rural": "Urbano", "altitude_m": 1606.5, "tmax_avg_c": 28.0, "pet_avg_c": 32.4, "wbgt_avg_c": 24.7, "heat_days_30": 56, "heat_days_35": 13, "tx90p": 8.7, "wsdi": 9, "wellbeing_score": 81.9, "health_index": 85.4}}, {"type": "Feature", "geometry": {"type": "Point", "coordinates": [-76.66197, 3.68692]}, "properties": {"school_id": "CO0193", "school_name": "Escuela San Martin 193", "country": "CO", "admin1": "Valle del Cauca", "admin2": "Valle del Cauca - Comuna 2", "level": "Inicial", "sector": "Publico", "enrollment": 311, "urban_rural": "Urbano", "altitude_m": 891.2, "tmax_avg_c": 29.0, "pet_avg_c": 32.7, "wbgt_avg_c": 26.8, "heat_days_30": 78, "heat_days_35": 21, "tx90p": 8.7, "wsdi": 15, "wellbeing_score": 88.4, "health_index": 69.1}}, {"type": "Feature", "geometry": {"type": "Point", "coordinates": [-74.91944, 10.52901]}, "properties": {"school_id": "CO0194", "school_name": "Escuela Las Flores 194", "country": "CO", "admin1": "Atlantico", "admin2": "Atlantico - Comuna 3", "level": "Primaria", "sector": "Publico", "enrollment": 253, "urban_rural": "Urbano", "altitude_m": 0.0, "tmax_avg_c": 32.9, "pet_avg_c": 38.2, "wbgt_avg_c": 29.4, "heat_days_30": 137, "heat_days_35": 13, "tx90p": 15.5, "wsdi": 35, "wellbeing_score": 51.4, "health_index": 55.9}}, {"type": "Feature", "geometry": {"type": "Point", "coordinates": [-72.60953, 7.34483]}, "properties": {"school_id": "CO0195", "school_name": "Escuela Jose Marti 195", "country": "CO", "admin1": "Santander", "admin2": "Santander - Comuna 4", "level": "Inicial", "sector": "Privado", "enrollment": 167, "urban_rural": "Rural", "altitude_m": 1088.7, "tmax_avg_c": 27.1, "pet_avg_c": 30.9, "wbgt_avg_c": 24.8, "heat_days_30": 42, "heat_days_35": 9, "tx90p": 10.9, "wsdi": 7, "wellbeing_score": 63.7, "health_index": 74.6}}, {"type": "Feature", "geometry": {"type": "Point", "coordinates": [-74.96193, 4.96672]}, "properties": {"school_id": "CO0196", "school_name": "Escuela San Martin 196", "country": "CO", "admin1": "Cundinamarca", "admin2": "Cundinamarca - Comuna 5", "level": "Secundaria", "sector": "Privado", "enrollment": 992, "urban_rural": "Urbano", "altitude_m": 2616.1, "tmax_avg_c": 18.3, "pet_avg_c": 21.7, "wbgt_avg_c": 16.6, "heat_days_30": 0, "heat_days_35": 0, "tx90p": 9.6, "wsdi": 3, "wellbeing_score": 71.6, "health_index": 79.4}}, {"type": "Feature", "geometry": {"type": "Point", "coordinates": [-75.07959, 10.67861]}, "properties": {"school_id": "CO0197", "school_name": "Escuela Jose Marti 197", "country": "CO", "admin1": "Bolivar", "admin2": "Bolivar - Comuna 6", "level": "Secundaria", "sector": "Publico", "enrollment": 134, "urban_rural": "Rural", "altitude_m": 0.0, "tmax_avg_c": 31.2, "pet_avg_c": 32.8, "wbgt_avg_c": 28.4, "heat_days_30": 118, "heat_days_35": 21, "tx90p": 15.4, "wsdi": 51, "wellbeing_score": 68.5, "health_index": 79.9}}, {"type": "Feature", "geometry": {"type": "Point", "coordinates": [-77.54208, 1.86341]}, "properties": {"school_id": "CO0198", "school_name": "Escuela Nueva Esperanza 198", "country": "CO", "admin1": "Narino", "admin2": "Narino - Comuna 7", "level": "Inicial", "sector": "Publico", "enrollment": 164, "urban_rural": "Urbano", "altitude_m": 2475.1, "tmax_avg_c": 21.2, "pet_avg_c": 23.2, "wbgt_avg_c": 18.4, "heat_days_30": 0, "heat_days_35": 0, "tx90p": 7.1, "wsdi": 2, "wellbeing_score": 53.6, "health_index": 83.4}}, {"type": "Feature", "geometry": {"type": "Point", "coordinates": [-73.21182, 5.07686]}, "properties": {"school_id": "CO0199", "school_name": "Escuela El Progreso 199", "country": "CO", "admin1": "Boyaca", "admin2": "Boyaca - Comuna 8", "level": "Inicial", "sector": "Subvencionado", "enrollment": 259, "urban_rural": "Rural", "altitude_m": 2752.6, "tmax_avg_c": 18.7, "pet_avg_c": 24.1, "wbgt_avg_c": 15.3, "heat_days_30": 0, "heat_days_35": 0, "tx90p": 9.3, "wsdi": 4, "wellbeing_score": 78.9, "health_index": 88.8}}, {"type": "Feature", "geometry": {"type": "Point", "coordinates": [-75.5202, 5.58851]}, "properties": {"school_id": "CO0200", "school_name": "Escuela Las Colinas 200", "country": "CO", "admin1": "Risaralda", "admin2": "Risaralda - Comuna 9", "level": "Secundaria", "sector": "Publico", "enrollment": 583, "urban_rural": "Urbano", "altitude_m": 1502.7, "tmax_avg_c": 25.1, "pet_avg_c": 27.2, "wbgt_avg_c": 23.6, "heat_days_30": 1, "heat_days_35": 0, "tx90p": 11.1, "wsdi": 1, "wellbeing_score": 71.5, "health_index": 78.3}}]}