{"type": "FeatureCollection", "features": [{"type": "Feature", "geometry": {"type": "Point", "coordinates": [-76.86115, -12.02108]}, "properties": {"school_id": "PE0001", "school_name": "Escuela Las Colinas 1", "country": "PE", "admin1": "Lima", "admin2": "Lima - Comuna 2", "level": "Secundaria", "sector": "Publico", "enrollment": 184, "urban_rural": "Urbano", "altitude_m": 0.0, "tmax_avg_c": 26.9, "pet_avg_c": 29.8, "wbgt_avg_c": 25.7, "heat_days_30": 39, "heat_days_35": 4, "tx90p": 6.6, "wsdi": 6, "wellbeing_score": 60.3, "health_index": 78.1}}, {"type": "Feature", "geometry": {"type": "Point", "coordinates": [-70.96842, -16.6614]}, "properties": {"school_id": "PE0002", "school_name": "Escuela Amanecer 2", "country": "PE", "admin1": "Arequipa", "admin2": "Arequipa - Comuna 3", "level": "Secundaria", "sector": "Publico", "enrollment": 496, "urban_rural": "Rural", "altitude_m": 2393.6, "tmax_avg_c": 22.2, "pet_avg_c": 25.2, "wbgt_avg_c": 20.2, "heat_days_30": 0, "heat_days_35": 0, "tx90p": 14.9, "wsdi": 0, "wellbeing_score": 71.1, "health_index": 78.6}}, {"type": "Feature", "geometry": {"type": "Point", "coordinates": [-79.00018, -7.47148]}, "properties": {"school_id": "PE0003", "school_name": "Escuela Nueva Esperanza 3", "country": "PE", "admin1": "La Libertad", "admin2": "La Libertad - Comuna 4", "level": "Secundaria", "sector": "Privado", "enrollment": 179, "urban_rural": "Rural", "altitude_m": 0.0, "tmax_avg_c": 28.4, "pet_avg_c": 32.8, "wbgt_avg_c": 26.6, "heat_days_30": 80, "heat_days_35": 8, "tx90p": 17.1, "wsdi": 27, "wellbeing_score": 71.9, "health_index": 79.4}}, {"type": "Feature", "geometry": {"type": "Point", "coordinates": [-80.25099, -5.08592]}, "properties": {"school_id": "PE0004", "school_name": "Escuela Jose Marti 4", "country": "PE", "admin1": "Piura", "admin2": "Piura - Comuna 5", "level": "Secundaria", "sector": "Publico", "enrollment": 424, "urban_rural": "Urbano", "altitude_m": 91.3, "tmax_avg_c": 28.7, "pet_avg_c": 32.6, "wbgt_avg_c": 25.3, "heat_days_30": 87, "heat_days_35": 17, "tx90p": 14.2, "wsdi": 40, "wellbeing_score": 62.0, "health_index": 85.7}}, {"type": "Feature", "geometry": {"type": "Point", "coordinates": [-71.61434, -13.36331]}, "properties": {"school_id": "PE0005", "school_name": "Escuela Alto del Rio 5", "country": "PE", "admin1": "Cusco", "admin2": "Cusco - Comuna 6", "level": "Secundaria", "sector": "Publico", "enrollment": 437, "urban_rural": "Rural", "altitude_m": 3139.3, "tmax_avg_c": 19.5, "pet_avg_c": 23.1, "wbgt_avg_c": 16.0, "heat_days_30": 0, "heat_days_35": 0, "tx90p": 10.0, "wsdi": 1, "wellbeing_score": 79.7, "health_index": 88.3}}, {"type": "Feature", "geometry": {"type": "Point", "coordinates": [-74.87722, -12.12134]}, "properties": {"school_id": "PE0006", "school_name": "Escuela Alto del Rio 6", "country": "PE", "admin1": "Junin", "admin2": "Junin - Comuna 7", "level": "Inicial", "sector": "Publico", "enrollment": 411, "urban_rural": "Urbano", "altitude_m": 3363.2, "tmax_avg_c": 18.4, "pet_avg_c": 23.6, "wbgt_avg_c": 16.4, "heat_days_30": 0, "heat_days_35": 0, "tx90p": 12.0, "wsdi": 0, "wellbeing_score": 64.5, "health_index": 78.6}}, {"type": "Feature", "geometry": {"type": "Point", "coordinates": [-79.36912, -6.6257]}, "properties": {"school_id": "PE0007", "school_name": "Escuela Las Colinas 7", "country": "PE", "admin1": "Lambayeque", "admin2": "Lambayeque - Comuna 8", "level": "Secundaria", "sector": "Publico", "enrollment": 252, "urban_rural": "Urbano", "altitude_m": 0.0, "tmax_avg_c": 31.0, "pet_avg_c": 36.2, "wbgt_avg_c": 27.7, "heat_days_30": 112, "heat_days_35": 21, "tx90p": 14.0, "wsdi": 31, "wellbeing_score": 47.1, "health_index": 70.1}}, {"type": "Feature", "geometry": {"type": "Point", "coordinates": [-73.68495, -3.67613]}, "properties": {"school_id": "PE0008", "school_name": "Escuela Los Alamos 8", "country": "PE", "admin1": "Loreto", "admin2": "Loreto - Comuna 9", "level": "Inicial", "sector": "Subvencionado", "enrollment": 118, "urban_rural": "Urbano", "altitude_m": 62.8, "tmax_avg_c": 33.0, "pet_avg_c": 38.0, "wbgt_avg_c": 30.5, "heat_days_30": 129, "heat_days_35": 21, "tx90p": 8.7, "wsdi": 54, "wellbeing_score": 66.8, "health_index": 68.2}}, {"type": "Feature", "geometry": {"type": "Point", "coordinates": [-70.15353, -16.00086]}, "properties": {"school_id": "PE0009", "school_name": "Escuela Villa del Sol 9", "country": "PE", "admin1": "Puno", "admin2": "Puno - Comuna 10", "level": "Primaria", "sector": "Publico", "enrollment": 333, "urban_rural": "Rural", "altitude_m": 4125.9, "tmax_avg_c": 14.7, "pet_avg_c": 17.5, "wbgt_avg_c": 13.6, "heat_days_30": 0, "heat_days_35": 0, "tx90p": 9.7, "wsdi": 1, "wellbeing_score": 76.7, "health_index": 83.5}}, {"type": "Feature", "geometry": {"type": "Point", "coordinates": [-75.49769, -14.23889]}, "properties": {"school_id": "PE0010", "school_name": "Escuela Alto del Rio 10", "country": "PE", "admin1": "Ica", "admin2": "Ica - Comuna 11", "level": "Secundaria", "sector": "Publico", "enrollment": 300, "urban_rural": "Urbano", "altitude_m": 551.1, "tmax_avg_c": 29.3, "pet_avg_c": 33.4, "wbgt_avg_c": 26.9, "heat_days_30": 78, "heat_days_35": 21, "tx90p": 9.8, "wsdi": 19, "wellbeing_score": 74.3, "health_index": 79.1}}, {"type": "Feature", "geometry": {"type": "Point", "coordinates": [-77.09392, -11.36953]}, "properties": {"school_id": "PE0011", "school_name": "Escuela Amanecer 11", "country": "PE", "admin1": "Lima", "admin2": "Lima - Comuna 12", "level": "Inicial", "sector": "Publico", "enrollment": 540, "urban_rural": "Rural", "altitude_m": 140.3, "tmax_avg_c": 26.6, "pet_avg_c": 29.6, "wbgt_avg_c": 23.5, "heat_days_30": 39, "heat_days_35": 4, "tx90p": 12.0, "wsdi": 13, "wellbeing_score": 67.5, "health_index": 81.7}}, {"type": "Feature", "geometry": {"type": "Point", "coordinates": [-71.26015, -16.64527]}, "properties": {"school_id": "PE0012", "school_name": "Escuela Las Flores 12", "country": "PE", "admin1": "Arequipa", "admin2": "Arequipa - Comuna 1", "level": "Secundaria", "sector": "Subvencionado", "enrollment": 449, "urban_rural": "Rural", "altitude_m": 2226.2, "tmax_avg_c": 21.7, "pet_avg_c": 25.4, "wbgt_avg_c": 18.3, "heat_days_30": 0, "heat_days_35": 0, "tx90p": 8.0, "wsdi": 2, "wellbeing_score": 73.9, "health_index": 84.3}}, {"type": "Feature", "geometry": {"type": "Point", "coordinates": [-78.53984, -8.41969]}, "properties": {"school_id": "PE0013", "school_name": "Escuela El Bosque 13", "country": "PE", "admin1": "La Libertad", "admin2": "La Libertad - Comuna 2", "level": "Primaria", "sector": "Publico", "enrollment": 153, "urban_rural": "Urbano", "altitude_m": 125.8, "tmax_avg_c": 27.2, "pet_avg_c": 28.8, "wbgt_avg_c": 25.6, "heat_days_30": 30, "heat_days_35": 7, "tx90p": 9.9, "wsdi": 5, "wellbeing_score": 72.8, "health_index": 77.1}}, {"type": "Feature", "geometry": {"type": "Point", "coordinates": [-80.69951, -4.97078]}, "properties": {"school_id": "PE0014", "school_name": "Escuela Nueva Esperanza 14", "country": "PE", "admin1": "Piura", "admin2": "Piura - Comuna 3", "level": "Inicial", "sector": "Subvencionado", "enrollment": 169, "urban_rural": "Urbano", "altitude_m": 0.0, "tmax_avg_c": 32.2, "pet_avg_c": 36.8, "wbgt_avg_c": 29.0, "heat_days_30": 109, "heat_days_35": 21, "tx90p": 12.1, "wsdi": 53, "wellbeing_score": 65.5, "health_index": 86.0}}, {"type": "Feature", "geometry": {"type": "Point", "coordinates": [-71.55247, -13.64007]}, "properties": {"school_id": "PE0015", "school_name": "Escuela El Bosque 15", "country": "PE", "admin1": "Cusco", "admin2": "Cusco - Comuna 4", "level": "Primaria", "sector": "Publico", "enrollment": 341, "urban_rural": "Urbano", "altitude_m": 3285.9, "tmax_avg_c": 18.3, "pet_avg_c": 20.4, "wbgt_avg_c": 15.5, "heat_days_30": 0, "heat_days_35": 0, "tx90p": 9.6, "wsdi": 0, "wellbeing_score": 66.2, "health_index": 77.6}}, {"type": "Feature", "geometry": {"type": "Point", "coordinates": [-75.48337, -11.43374]}, "properties": {"school_id": "PE0016", "school_name": "Escuela San Martin 16", "country": "PE", "admin1": "Junin", "admin2": "Junin - Comuna 5", "level": "Secundaria", "sector": "Subvencionado", "enrollment": 476, "urban_rural": "Rural", "altitude_m": 3426.0, "tmax_avg_c": 18.0, "pet_avg_c": 19.6, "wbgt_avg_c": 15.0, "heat_days_30": 0, "heat_days_35": 0, "tx90p": 9.2, "wsdi": 5, "wellbeing_score": 70.7, "health_index": 84.5}}, {"type": "Feature", "geometry": {"type": "Point", "coordinates": [-79.01846, -6.99416]}, "properties": {"school_id": "PE0017", "school_name": "Escuela Santa Rosa 17", "country": "PE", "admin1": "Lambayeque", "admin2": "Lambayeque - Comuna 6", "level": "Primaria", "sector": "Publico", "enrollment": 216, "urban_rural": "Urbano", "altitude_m": 0.0, "tmax_avg_c": 32.1, "pet_avg_c": 33.6, "wbgt_avg_c": 30.5, "heat_days_30": 128, "heat_days_35": 31, "tx90p": 15.6, "wsdi": 30, "wellbeing_score": 86.3, "health_index": 63.0}}, {"type": "Feature", "geometry": {"type": "Point", "coordinates": [-73.10232, -3.82342]}, "properties": {"school_id": "PE0018", "school_name": "Escuela Alto del Rio 18", "country": "PE", "admin1": "Loreto", "admin2": "Loreto - Comuna 7", "level": "Primaria", "sector": "Publico", "enrollment": 277, "urban_rural": "Rural", "altitude_m": 3.1, "tmax_avg_c": 32.6, "pet_avg_c": 37.2, "wbgt_avg_c": 30.7, "heat_days_30": 122, "heat_days_35": 14, "tx90p": 10.9, "wsdi": 26, "wellbeing_score": 43.2, "health_index": 64.4}}, {"type": "Feature", "geometry": {"type": "Point", "coordinates": [-70.34532, -15.94637]}, "properties": {"school_id": "PE0019", "school_name": "Escuela Los Alamos 19", "country": "PE", "admin1": "Puno", "admin2": "Puno - Comuna 8", "level": "Primaria", "sector": "Privado", "enrollment": 268, "urban_rural": "Urbano", "altitude_m": 4020.5, "tmax_avg_c": 14.9, "pet_avg_c": 17.2, "wbgt_avg_c": 12.6, "heat_days_30": 0, "heat_days_35": 0, "tx90p": 7.6, "wsdi": 2, "wellbeing_score": 80.8, "health_index": 91.1}}, {"type": "Feature", "geometry": {"type": "Point", "coordinates": [-75.90209, -13.81426]}, "properties": {"school_id": "PE0020", "school_name": "Escuela San Martin 20", "country": "PE", "admin1": "Ica", "admin2": "Ica - Comuna 9", "level": "Secundaria", "sector": "Publico", "enrollment": 225, "urban_rural": "Rural", "altitude_m": 281.5, "tmax_avg_c": 31.6, "pet_avg_c": 33.1, "wbgt_avg_c": 30.4, "heat_days_30": 133, "heat_days_35": 22, "tx90p": 9.5, "wsdi": 25, "wellbeing_score": 73.0, "health_index": 67.8}}, {"type": "Feature", "geometry": {"type": "Point", "coordinates": [-76.82863, -12.0301]}, "properties": {"school_id": "PE0021", "school_name": "Escuela Alto del Rio 21", "country": "PE", "admin1": "Lima", "admin2": "Lima - Comuna 10", "level": "Inicial", "sector": "Publico", "enrollment": 368, "urban_rural": "Urbano", "altitude_m": 0.0, "tmax_avg_c": 27.8, "pet_avg_c": 31.3, "wbgt_avg_c": 24.3, "heat_days_30": 57, "heat_days_35": 6, "tx90p": 7.9, "wsdi": 15, "wellbeing_score": 48.9, "health_index": 80.8}}, {"type": "Feature", "geometry": {"type": "Point", "coordinates": [-71.68442, -16.62422]}, "properties": {"school_id": "PE0022", "school_name": "Escuela Simon Bolivar 22", "country": "PE", "admin1": "Arequipa", "admin2": "Arequipa - Comuna 11", "level": "Inicial", "sector": "Publico", "enrollment": 216, "urban_rural": "Rural", "altitude_m": 2279.5, "tmax_avg_c": 23.6, "pet_avg_c": 26.0, "wbgt_avg_c": 20.6, "heat_days_30": 2, "heat_days_35": 0, "tx90p": 6.9, "wsdi": 0, "wellbeing_score": 56.3, "health_index": 71.3}}, {"type": "Feature", "geometry": {"type": "Point", "coordinates": [-78.61558, -8.27486]}, "properties": {"school_id": "PE0023", "school_name": "Escuela San Martin 23", "country": "PE", "admin1": "La Libertad", "admin2": "La Libertad - Comuna 12", "level": "Secundaria", "sector": "Publico", "enrollment": 258, "urban_rural": "Urbano", "altitude_m": 14.6, "tmax_avg_c": 25.4, "pet_avg_c": 30.5, "wbgt_avg_c": 24.3, "heat_days_30": 25, "heat_days_35": 3, "tx90p": 11.0, "wsdi": 7, "wellbeing_score": 55.8, "health_index": 78.1}}, {"type": "Feature", "geometry": {"type": "Point", "coordinates": [-80.04209, -5.12002]}, "properties": {"school_id": "PE0024", "school_name": "Escuela San Martin 24", "country": "PE", "admin1": "Piura", "admin2": "Piura - Comuna 1", "level": "Primaria", "sector": "Publico", "enrollment": 105, "urban_rural": "Rural", "altitude_m": 0.0, "tmax_avg_c": 30.2, "pet_avg_c": 34.2, "wbgt_avg_c": 26.6, "heat_days_30": 103, "heat_days_35": 23, "tx90p": 9.6, "wsdi": 31, "wellbeing_score": 49.1, "health_index": 69.9}}, {"type": "Feature", "geometry": {"type": "Point", "coordinates": [-72.08167, -13.81589]}, "properties": {"school_id": "PE0025", "school_name": "Escuela Santa Rosa 25", "country": "PE", "admin1": "Cusco", "admin2": "Cusco - Comuna 2", "level": "Secundaria", "sector": "Publico", "enrollment": 298, "urban_rural": "Urbano", "altitude_m": 3247.3, "tmax_avg_c": 20.3, "pet_avg_c": 24.7, "wbgt_avg_c": 17.3, "heat_days_30": 0, "heat_days_35": 0, "tx90p": 14.1, "wsdi": 4, "wellbeing_score": 82.3, "health_index": 86.0}}, {"type": "Feature", "geometry": {"type": "Point", "coordinates": [-76.04079, -12.44264]}, "properties": {"school_id": "PE0026", "school_name": "Escuela Amanecer 26", "country": "PE", "admin1": "Junin", "admin2": "Junin - Comuna 3", "level": "Inicial", "sector": "Publico", "enrollment": 175, "urban_rural": "Urbano", "altitude_m": 3388.5, "tmax_avg_c": 17.9, "pet_avg_c": 19.6, "wbgt_avg_c": 14.4, "heat_days_30": 0, "heat_days_35": 0, "tx90p": 11.6, "wsdi": 3, "wellbeing_score": 65.1, "health_index": 61.3}}, {"type": "Feature", "geometry": {"type": "Point", "coordinates": [-79.54993, -7.19019]}, "properties": {"school_id": "PE0027", "school_name": "Escuela Los Alamos 27", "country": "PE", "admin1": "Lambayeque", "admin2": "Lambayeque - Comuna 4", "level": "Inicial", "sector": "Subvencionado", "enrollment": 202, "urban_rural": "Urbano", "altitude_m": 0.0, "tmax_avg_c": 29.7, "pet_avg_c": 32.2, "wbgt_avg_c": 28.5, "heat_days_30": 83, "heat_days_35": 10, "tx90p": 8.6, "wsdi": 31, "wellbeing_score": 70.3, "health_index": 70.2}}, {"type": "Feature", "geometry": {"type": "Point", "coordinates": [-73.1934, -3.43091]}, "properties": {"school_id": "PE0028", "school_name": "Escuela El Progreso 28", "country": "PE", "admin1": "Loreto", "admin2": "Loreto - Comuna 5", "level": "Secundaria", "sector": "Publico", "enrollment": 197, "urban_rural": "Urbano", "altitude_m": 200.7, "tmax_avg_c": 34.1, "pet_avg_c": 38.2, "wbgt_avg_c": 30.3, "heat_days_30": 153, "heat_days_35": 24, "tx90p": 9.3, "wsdi": 42, "wellbeing_score": 66.4, "health_index": 43.6}}, {"type": "Feature", "geometry": {"type": "Point", "coordinates": [-69.89146, -15.98906]}, "properties": {"school_id": "PE0029", "school_name": "Escuela Buenos Aires 29", "country": "PE", "admin1": "Puno", "admin2": "Puno - Comuna 6", "level": "Primaria", "sector": "Publico", "enrollment": 138, "urban_rural": "Urbano", "altitude_m": 3880.8, "tmax_avg_c": 16.2, "pet_avg_c": 21.6, "wbgt_avg_c": 12.2, "heat_days_30": 0, "heat_days_35": 0, "tx90p": 10.2, "wsdi": 0, "wellbeing_score": 43.5, "health_index": 87.5}}, {"type": "Feature", "geometry": {"type": "Point", "coordinates": [-75.64241, -14.09075]}, "properties": {"school_id": "PE0030", "school_name": "Escuela Los Alamos 30", "country": "PE", "admin1": "Ica", "admin2": "Ica - Comuna 7", "level": "Inicial", "sector": "Publico", "enrollment": 183, "urban_rural": "Urbano", "altitude_m": 318.8, "tmax_avg_c": 30.3, "pet_avg_c": 34.1, "wbgt_avg_c": 28.8, "heat_days_30": 95, "heat_days_35": 17, "tx90p": 10.6, "wsdi": 27, "wellbeing_score": 70.2, "health_index": 60.4}}, {"type": "Feature", "geometry": {"type": "Point", "coordinates": [-76.85931, -11.88615]}, "properties": {"school_id": "PE0031", "school_name": "Escuela Las Flores 31", "country": "PE", "admin1": "Lima", "admin2": "Lima - Comuna 8", "level": "Inicial", "sector": "Publico", "enrollment": 364, "urban_rural": "Urbano", "altitude_m": 87.0, "tmax_avg_c": 28.2, "pet_avg_c": 32.8, "wbgt_avg_c": 25.9, "heat_days_30": 45, "heat_days_35": 11, "tx90p": 12.3, "wsdi": 22, "wellbeing_score": 68.9, "health_index": 66.0}}, {"type": "Feature", "geometry": {"type": "Point", "coordinates": [-71.90042, -16.48444]}, "properties": {"school_id": "PE0032", "school_name": "Escuela San Martin 32", "country": "PE", "admin1": "Arequipa", "admin2": "Arequipa - Comuna 9", "level": "Secundaria", "sector": "Publico", "enrollment": 599, "urban_rural": "Urbano", "altitude_m": 2287.5, "tmax_avg_c": 23.4, "pet_avg_c": 26.5, "wbgt_avg_c": 20.2, "heat_days_30": 0, "heat_days_35": 0, "tx90p": 13.1, "wsdi": 2, "wellbeing_score": 74.0, "health_index": 81.3}}, {"type": "Feature", "geometry": {"type": "Point", "coordinates": [-78.44845, -8.19375]}, "properties": {"school_id": "PE0033", "school_name": "Escuela Los Alamos 33", "country": "PE", "admin1": "La Libertad", "admin2": "La Libertad - Comuna 10", "level": "Primaria", "sector": "Publico", "enrollment": 180, "urban_rural": "Rural", "altitude_m": 0.0, "tmax_avg_c": 26.5, "pet_avg_c": 31.7, "wbgt_avg_c": 23.0, "heat_days_30": 30, "heat_days_35": 8, "tx90p": 14.8, "wsdi": 0, "wellbeing_score": 72.7, "health_index": 73.1}}, {"type": "Feature", "geometry": {"type": "Point", "coordinates": [-80.63537, -5.01783]}, "properties": {"school_id": "PE0034", "school_name": "Escuela Los Andes 34", "country": "PE", "admin1": "Piura", "admin2": "Piura - Comuna 11", "level": "Primaria", "sector": "Publico", "enrollment": 267, "urban_rural": "Urbano", "altitude_m": 5.9, "tmax_avg_c": 32.4, "pet_avg_c": 36.7, "wbgt_avg_c": 31.3, "heat_days_30": 104, "heat_days_35": 7, "tx90p": 9.6, "wsdi": 37, "wellbeing_score": 50.8, "health_index": 87.5}}, {"type": "Feature", "geometry": {"type": "Point", "coordinates": [-71.53448, -13.89365]}, "properties": {"school_id": "PE0035", "school_name": "Escuela Buenos Aires 35", "country": "PE", "admin1": "Cusco", "admin2": "Cusco - Comuna 12", "level": "Primaria", "sector": "Publico", "enrollment": 268, "urban_rural": "Urbano", "altitude_m": 3413.2, "tmax_avg_c": 18.6, "pet_avg_c": 22.9, "wbgt_avg_c": 15.1, "heat_days_30": 0, "heat_days_35": 0, "tx90p": 13.6, "wsdi": 0, "wellbeing_score": 74.0, "health_index": 78.7}}, {"type": "Feature", "geometry": {"type": "Point", "coordinates": [-74.50783, -12.51295]}, "properties": {"school_id": "PE0036", "school_name": "Escuela Las Flores 36", "country": "PE", "admin1": "Junin", "admin2": "Junin - Comuna 1", "level": "Primaria", "sector": "Publico", "enrollment": 208, "urban_rural": "Urbano", "altitude_m": 3256.9, "tmax_avg_c": 16.5, "pet_avg_c": 19.9, "wbgt_avg_c": 14.8, "heat_days_30": 0, "heat_days_35": 0, "tx90p": 15.1, "wsdi": 0, "wellbeing_score": 63.0, "health_index": 82.6}}, {"type": "Feature", "geometry": {"type": "Point", "coordinates": [-80.54091, -6.37933]}, "properties": {"school_id": "PE0037", "school_name": "Escuela Los Andes 37", "country": "PE", "admin1": "Lambayeque", "admin2": "Lambayeque - Comuna 2", "level": "Primaria", "sector": "Publico", "enrollment": 663, "urban_rural": "Urbano", "altitude_m": 0.0, "tmax_avg_c": 31.4, "pet_avg_c": 36.0, "wbgt_avg_c": 29.9, "heat_days_30": 106, "heat_days_35": 10, "tx90p": 7.0, "wsdi": 42, "wellbeing_score": 79.7, "health_index": 53.9}}, {"type": "Feature", "geometry": {"type": "Point", "coordinates": [-73.30325, -3.2277]}, "properties": {"school_id": "PE0038", "school_name": "Escuela Santa Rosa 38", "country": "PE", "admin1": "Loreto", "admin2": "Loreto - Comuna 3", "level": "Secundaria", "sector": "Publico", "enrollment": 261, "urban_rural": "Rural", "altitude_m": 0.0, "tmax_avg_c": 33.3, "pet_avg_c": 37.2, "wbgt_avg_c": 32.0, "heat_days_30": 134, "heat_days_35": 23, "tx90p": 11.7, "wsdi": 32, "wellbeing_score": 57.5, "health_index": 62.3}}, {"type": "Feature", "geometry": {"type": "Point", "coordinates": [-69.61156, -16.04611]}, "properties": {"school_id": "PE0039", "school_name": "Escuela Los Andes 39", "country": "PE", "admin1": "Puno", "admin2": "Puno - Comuna 4", "level": "Secundaria", "sector": "Publico", "enrollment": 300, "urban_rural": "Urbano", "altitude_m": 3809.1, "tmax_avg_c": 18.1, "pet_avg_c": 22.1, "wbgt_avg_c": 17.0, "heat_days_30": 0, "heat_days_35": 0, "tx90p": 20.7, "wsdi": 0, "wellbeing_score": 57.5, "health_index": 76.8}}, {"type": "Feature", "geometry": {"type": "Point", "coordinates": [-75.8391, -14.35496]}, "properties": {"school_id": "PE0040", "school_name": "Escuela Villa del Sol 40", "country": "PE", "admin1": "Ica", "admin2": "Ica - Comuna 5", "level": "Primaria", "sector": "Publico", "enrollment": 126, "urban_rural": "Urbano", "altitude_m": 469.9, "tmax_avg_c": 29.3, "pet_avg_c": 33.9, "wbgt_avg_c": 25.4, "heat_days_30": 70, "heat_days_35": 8, "tx90p": 9.6, "wsdi": 20, "wellbeing_score": 74.8, "health_index": 82.0}}, {"type": "Feature", "geometry": {"type": "Point", "coordinates": [-76.59184, -12.28117]}, "properties": {"school_id": "PE0041", "school_name": "Escuela Buenos Aires 41", "country": "PE", "admin1": "Lima", "admin2": "Lima - Comuna 6", "level": "Secundaria", "sector": "Publico", "enrollment": 80, "urban_rural": "Rural", "altitude_m": 90.8, "tmax_avg_c": 25.6, "pet_avg_c": 28.6, "wbgt_avg_c": 22.6, "heat_days_30": 45, "heat_days_35": 3, "tx90p": 9.3, "wsdi": 9, "wellbeing_score": 77.4, "health_index": 88.2}}, {"type": "Feature", "geometry": {"type": "Point", "coordinates": [-71.80474, -16.6763]}, "properties": {"school_id": "PE0042", "school_name": "Escuela El Bosque 42", "country": "PE", "admin1": "Arequipa", "admin2": "Arequipa - Comuna 7", "level": "Primaria", "sector": "Subvencionado", "enrollment": 134, "urban_rural": "Urbano", "altitude_m": 2196.1, "tmax_avg_c": 21.3, "pet_avg_c": 23.4, "wbgt_avg_c": 19.1, "heat_days_30": 0, "heat_days_35": 0, "tx90p": 15.9, "wsdi": 4, "wellbeing_score": 72.8, "health_index": 71.3}}, {"type": "Feature", "geometry": {"type": "Point", "coordinates": [-79.4014, -7.53743]}, "properties": {"school_id": "PE0043", "school_name": "Escuela Jose Marti 43", "country": "PE", "admin1": "La Libertad", "admin2": "La Libertad - Comuna 8", "level": "Primaria", "sector": "Publico", "enrollment": 200, "urban_rural": "Urbano", "altitude_m": 163.4, "tmax_avg_c": 27.7, "pet_avg_c": 29.5, "wbgt_avg_c": 26.2, "heat_days_30": 26, "heat_days_35": 3, "tx90p": 13.6, "wsdi": 2, "wellbeing_score": 51.0, "health_index": 72.4}}, {"type": "Feature", "geometry": {"type": "Point", "coordinates": [-80.51166, -5.19502]}, "properties": {"school_id": "PE0044", "school_name": "Escuela Los Andes 44", "country": "PE", "admin1": "Piura", "admin2": "Piura - Comuna 9", "level": "Primaria", "sector": "Subvencionado", "enrollment": 102, "urban_rural": "Urbano", "altitude_m": 0.0, "tmax_avg_c": 31.2, "pet_avg_c": 32.9, "wbgt_avg_c": 27.7, "heat_days_30": 113, "heat_days_35": 15, "tx90p": 10.9, "wsdi": 16, "wellbeing_score": 67.9, "health_index": 70.5}}, {"type": "Feature", "geometry": {"type": "Point", "coordinates": [-72.17537, -13.06289]}, "properties": {"school_id": "PE0045", "school_name": "Escuela El Progreso 45", "country": "PE", "admin1": "Cusco", "admin2": "Cusco - Comuna 10", "level": "Secundaria", "sector": "Publico", "enrollment": 968, "urban_rural": "Rural", "altitude_m": 3370.0, "tmax_avg_c": 18.6, "pet_avg_c": 22.6, "wbgt_avg_c": 17.1, "heat_days_30": 0, "heat_days_35": 0, "tx90p": 10.4, "wsdi": 0, "wellbeing_score": 90.8, "health_index": 78.2}}, {"type": "Feature", "geometry": {"type": "Point", "coordinates": [-75.33717, -11.84317]}, "properties": {"school_id": "PE0046", "school_name": "Escuela Santa Rosa 46", "country": "PE", "admin1": "Junin", "admin2": "Junin - Comuna 11", "level": "Secundaria", "sector": "Subvencionado", "enrollment": 220, "urban_rural": "Rural", "altitude_m": 3216.4, "tmax_avg_c": 20.0, "pet_avg_c": 25.3, "wbgt_avg_c": 17.0, "heat_days_30": 0, "heat_days_35": 0, "tx90p": 8.4, "wsdi": 2, "wellbeing_score": 63.2, "health_index": 69.0}}, {"type": "Feature", "geometry": {"type": "Point", "coordinates": [-79.51329, -7.28838]}, "properties": {"school_id": "PE0047", "school_name": "Escuela El Bosque 47", "country": "PE", "admin1": "Lambayeque", "admin2": "Lambayeque - Comuna 12", "level": "Secundaria", "sector": "Publico", "enrollment": 342, "urban_rural": "Urbano", "altitude_m": 0.0, "tmax_avg_c": 29.3, "pet_avg_c": 33.0, "wbgt_avg_c": 25.8, "heat_days_30": 71, "heat_days_35": 13, "tx90p": 12.9, "wsdi": 29, "wellbeing_score": 81.7, "health_index": 74.5}}, {"type": "Feature", "geometry": {"type": "Point", "coordinates": [-73.19156, -3.37161]}, "properties": {"school_id": "PE0048", "school_name": "Escuela Santa Rosa 48", "country": "PE", "admin1": "Loreto", "admin2": "Loreto - Comuna 1", "level": "Primaria", "sector": "Privado", "enrollment": 245, "urban_rural": "Urbano", "altitude_m": 296.5, "tmax_avg_c": 34.0, "pet_avg_c": 37.2, "wbgt_avg_c": 32.3, "heat_days_30": 175, "heat_days_35": 25, "tx90p": 12.7, "wsdi": 81, "wellbeing_score": 49.3, "health_index": 76.1}}, {"type": "Feature", "geometry": {"type": "Point", "coordinates": [-70.10607, -15.73588]}, "properties": {"school_id": "PE0049", "school_name": "Escuela Santa Rosa 49", "country": "PE", "admin1": "Puno", "admin2": "Puno - Comuna 2", "level": "Secundaria", "sector": "Publico", "enrollment": 427, "urban_rural": "Urbano", "altitude_m": 3826.3, "tmax_avg_c": 17.8, "pet_avg_c": 20.0, "wbgt_avg_c": 15.6, "heat_days_30": 0, "heat_days_35": 0, "tx90p": 12.9, "wsdi": 6, "wellbeing_score": 44.7, "health_index": 76.9}}, {"type": "Feature", "geometry": {"type": "Point", "coordinates": [-75.66445, -14.35206]}, "properties": {"school_id": "PE0050", "school_name": "Escuela San Martin 50", "country": "PE", "admin1": "Ica", "admin2": "Ica - Comuna 3", "level": "Secundaria", "sector": "Privado", "enrollment": 160, "urban_rural": "Rural", "altitude_m": 407.6, "tmax_avg_c": 27.7, "pet_avg_c": 30.4, "wbgt_avg_c": 24.5, "heat_days_30": 54, "heat_days_35": 11, "tx90p": 8.6, "wsdi": 18, "wellbeing_score": 77.8, "health_index": 74.1}}, {"type": "Feature", "geometry": {"type": "Point", "coordinates": [-76.76935, -12.05268]}, "properties": {"school_id": "PE0051", "school_name": "Escuela Santa Rosa 51", "country": "PE", "admin1": "Lima", "admin2": "Lima - Comuna 4", "level": "Primaria", "sector": "Publico", "enrollment": 202, "urban_rural": "Urbano", "altitude_m": 100.6, "tmax_avg_c": 27.1, "pet_avg_c": 28.6, "wbgt_avg_c": 25.4, "heat_days_30": 32, "heat_days_35": 9, "tx90p": 9.2, "wsdi": 7, "wellbeing_score": 72.5, "health_index": 77.4}}, {"type": "Feature", "geometry": {"type": "Point", "coordinates": [-71.67705, -16.59228]}, "properties": {"school_id": "PE0052", "school_name": "Escuela Los Andes 52", "country": "PE", "admin1": "Arequipa", "admin2": "Arequipa - Comuna 5", "level": "Primaria", "sector": "Publico", "enrollment": 402, "urban_rural": "Urbano", "altitude_m": 2263.3, "tmax_avg_c": 22.7, "pet_avg_c": 28.2, "wbgt_avg_c": 21.6, "heat_days_30": 0, "heat_days_35": 0, "tx90p": 9.4, "wsdi": 2, "wellbeing_score": 71.9, "health_index": 68.7}}, {"type": "Feature", "geometry": {"type": "Point", "coordinates": [-79.12949, -7.88375]}, "properties": {"school_id": "PE0053", "school_name": "Escuela Jose Marti 53", "country": "PE", "admin1": "La Libertad", "admin2": "La Libertad - Comuna 6", "level": "Secundaria", "sector": "Privado", "enrollment": 193, "urban_rural": "Urbano", "altitude_m": 14.5, "tmax_avg_c": 27.2, "pet_avg_c": 32.4, "wbgt_avg_c": 24.0, "heat_days_30": 47, "heat_days_35": 13, "tx90p": 8.5, "wsdi": 11, "wellbeing_score": 45.8, "health_index": 76.4}}, {"type": "Feature", "geometry": {"type": "Point", "coordinates": [-80.83427, -4.53031]}, "properties": {"school_id": "PE0054", "school_name": "Escuela Villa del Sol 54", "country": "PE", "admin1": "Piura", "admin2": "Piura - Comuna 7", "level": "Primaria", "sector": "Privado", "enrollment": 187, "urban_rural": "Urbano", "altitude_m": 0.0, "tmax_avg_c": 30.3, "pet_avg_c": 35.4, "wbgt_avg_c": 26.9, "heat_days_30": 103, "heat_days_35": 11, "tx90p": 12.6, "wsdi": 36, "wellbeing_score": 63.3, "health_index": 60.2}}, {"type": "Feature", "geometry": {"type": "Point", "coordinates": [-71.95397, -13.30231]}, "properties": {"school_id": "PE0055", "school_name": "Escuela Santa Rosa 55", "country": "PE", "admin1": "Cusco", "admin2": "Cusco - Comuna 8", "level": "Primaria", "sector": "Privado", "enrollment": 267, "urban_rural": "Urbano", "altitude_m": 3349.4, "tmax_avg_c": 20.4, "pet_avg_c": 25.2, "wbgt_avg_c": 19.1, "heat_days_30": 0, "heat_days_35": 0, "tx90p": 13.0, "wsdi": 0, "wellbeing_score": 46.5, "health_index": 96.4}}, {"type": "Feature", "geometry": {"type": "Point", "coordinates": [-74.66772, -12.48516]}, "properties": {"school_id": "PE0056", "school_name": "Escuela Santa Rosa 56", "country": "PE", "admin1": "Junin", "admin2": "Junin - Comuna 9", "level": "Primaria", "sector": "Publico", "enrollment": 599, "urban_rural": "Urbano", "altitude_m": 3146.9, "tmax_avg_c": 18.6, "pet_avg_c": 22.8, "wbgt_avg_c": 15.5, "heat_days_30": 0, "heat_days_35": 0, "tx90p": 10.6, "wsdi": 0, "wellbeing_score": 74.2, "health_index": 83.9}}, {"type": "Feature", "geometry": {"type": "Point", "coordinates": [-79.78441, -6.63396]}, "properties": {"school_id": "PE0057", "school_name": "Escuela Los Alamos 57", "country": "PE", "admin1": "Lambayeque", "admin2": "Lambayeque - Comuna 10", "level": "Secundaria", "sector": "Publico", "enrollment": 290, "urban_rural": "Urbano", "altitude_m": 9.3, "tmax_avg_c": 29.7, "pet_avg_c": 32.7, "wbgt_avg_c": 27.4, "heat_days_30": 68, "heat_days_35": 17, "tx90p": 9.5, "wsdi": 26, "wellbeing_score": 70.1, "health_index": 76.5}}, {"type": "Feature", "geometry": {"type": "Point", "coordinates": [-72.78019, -3.62323]}, "properties": {"school_id": "PE0058", "school_name": "Escuela Simon Bolivar 58", "country": "PE", "admin1": "Loreto", "admin2": "Loreto - Comuna 11", "level": "Inicial", "sector": "Publico", "enrollment": 284, "urban_rural": "Rural", "altitude_m": 251.9, "tmax_avg_c": 31.5, "pet_avg_c": 34.2, "wbgt_avg_c": 29.4, "heat_days_30": 116, "heat_days_35": 15, "tx90p": 11.4, "wsdi": 53, "wellbeing_score": 78.9, "health_index": 75.4}}, {"type": "Feature", "geometry": {"type": "Point", "coordinates": [-69.4273, -15.4033]}, "properties": {"school_id": "PE0059", "school_name": "Escuela El Progreso 59", "country": "PE", "admin1": "Puno", "admin2": "Puno - Comuna 12", "level": "Secundaria", "sector": "Publico", "enrollment": 211, "urban_rural": "Urbano", "altitude_m": 3732.3, "tmax_avg_c": 15.3, "pet_avg_c": 19.9, "wbgt_avg_c": 13.3, "heat_days_30": 0, "heat_days_35": 0, "tx90p": 11.4, "wsdi": 0, "wellbeing_score": 71.5, "health_index": 81.6}}, {"type": "Feature", "geometry": {"type": "Point", "coordinates": [-76.25586, -14.11988]}, "properties": {"school_id": "PE0060", "school_name": "Escuela Nueva Esperanza 60", "country": "PE", "admin1": "Ica", "admin2": "Ica - Comuna 1", "level": "Inicial", "sector": "Subvencionado", "enrollment": 394, "urban_rural": "Urbano", "altitude_m": 439.2, "tmax_avg_c": 26.3, "pet_avg_c": 28.0, "wbgt_avg_c": 22.4, "heat_days_30": 0, "heat_days_35": 0, "tx90p": 14.3, "wsdi": 1, "wellbeing_score": 75.6, "health_index": 81.7}}, {"type": "Feature", "geometry": {"type": "Point", "coordinates": [-77.15995, -11.83895]}, "properties": {"school_id": "PE0061", "school_name": "Escuela El Bosque 61", "country": "PE", "admin1": "Lima", "admin2": "Lima - Comuna 2", "level": "Secundaria", "sector": "Subvencionado", "enrollment": 539, "urban_rural": "Urbano", "altitude_m": 163.9, "tmax_avg_c": 25.5, "pet_avg_c": 28.0, "wbgt_avg_c": 22.2, "heat_days_30": 10, "heat_days_35": 1, "tx90p": 12.6, "wsdi": 2, "wellbeing_score": 70.1, "health_index": 70.5}}, {"type": "Feature", "geometry": {"type": "Point", "coordinates": [-71.00602, -16.16906]}, "properties": {"school_id": "PE0062", "school_name": "Escuela Villa del Sol 62", "country": "PE", "admin1": "Arequipa", "admin2": "Arequipa - Comuna 3", "level": "Primaria", "sector": "Publico", "enrollment": 788, "urban_rural": "Urbano", "altitude_m": 2530.7, "tmax_avg_c": 21.9, "pet_avg_c": 24.4, "wbgt_avg_c": 19.8, "heat_days_30": 0, "heat_days_35": 0, "tx90p": 8.8, "wsdi": 3, "wellbeing_score": 50.6, "health_index": 78.4}}, {"type": "Feature", "geometry": {"type": "Point", "coordinates": [-78.63632, -8.13495]}, "properties": {"school_id": "PE0063", "school_name": "Escuela Alto del Rio 63", "country": "PE", "admin1": "La Libertad", "admin2": "La Libertad - Comuna 4", "level": "Primaria", "sector": "Subvencionado", "enrollment": 1400, "urban_rural": "Urbano", "altitude_m": 107.7, "tmax_avg_c": 27.9, "pet_avg_c": 29.4, "wbgt_avg_c": 24.8, "heat_days_30": 50, "heat_days_35": 10, "tx90p": 9.4, "wsdi": 12, "wellbeing_score": 80.0, "health_index": 74.7}}, {"type": "Feature", "geometry": {"type": "Point", "coordinates": [-80.1218, -5.64915]}, "properties": {"school_id": "PE0064", "school_name": "Escuela Simon Bolivar 64", "country": "PE", "admin1": "Piura", "admin2": "Piura - Comuna 5", "level": "Inicial", "sector": "Privado", "enrollment": 80, "urban_rural": "Urbano", "altitude_m": 23.1, "tmax_avg_c": 29.9, "pet_avg_c": 35.0, "wbgt_avg_c": 28.0, "heat_days_30": 82, "heat_days_35": 10, "tx90p": 13.2, "wsdi": 29, "wellbeing_score": 51.7, "health_index": 62.6}}, {"type": "Feature", "geometry": {"type": "Point", "coordinates": [-71.87404, -13.243]}, "properties": {"school_id": "PE0065", "school_name": "Escuela El Bosque 65", "country": "PE", "admin1": "Cusco", "admin2": "Cusco - Comuna 6", "level": "Inicial", "sector": "Subvencionado", "enrollment": 126, "urban_rural": "Rural", "altitude_m": 3509.7, "tmax_avg_c": 21.6, "pet_avg_c": 25.4, "wbgt_avg_c": 18.2, "heat_days_30": 0, "heat_days_35": 0, "tx90p": 10.4, "wsdi": 0, "wellbeing_score": 72.7, "health_index": 85.2}}, {"type": "Feature", "geometry": {"type": "Point", "coordinates": [-74.95307, -12.46884]}, "properties": {"school_id": "PE0066", "school_name": "Escuela Nueva Esperanza 66", "country": "PE", "admin1": "Junin", "admin2": "Junin - Comuna 7", "level": "Secundaria", "sector": "Publico", "enrollment": 343, "urban_rural": "Urbano", "altitude_m": 3313.5, "tmax_avg_c": 19.8, "pet_avg_c": 24.6, "wbgt_avg_c": 17.2, "heat_days_30": 0, "heat_days_35": 0, "tx90p": 12.3, "wsdi": 1, "wellbeing_score": 62.9, "health_index": 74.1}}, {"type": "Feature", "geometry": {"type": "Point", "coordinates": [-79.7071, -6.35307]}, "properties": {"school_id": "PE0067", "school_name": "Escuela Jose Marti 67", "country": "PE", "admin1": "Lambayeque", "admin2": "Lambayeque - Comuna 8", "level": "Secundaria", "sector": "Publico", "enrollment": 348, "urban_rural": "Rural", "altitude_m": 0.0, "tmax_avg_c": 30.2, "pet_avg_c": 35.3, "wbgt_avg_c": 27.8, "heat_days_30": 79, "heat_days_35": 14, "tx90p": 17.6, "wsdi": 15, "wellbeing_score": 51.4, "health_index": 62.8}}, {"type": "Feature", "geometry": {"type": "Point", "coordinates": [-73.51106, -3.90639]}, "properties": {"school_id": "PE0068", "school_name": "Escuela Las Flores 68", "country": "PE", "admin1": "Loreto", "admin2": "Loreto - Comuna 9", "level": "Primaria", "sector": "Privado", "enrollment": 145, "urban_rural": "Urbano", "altitude_m": 19.7, "tmax_avg_c": 31.6, "pet_avg_c": 34.7, "wbgt_avg_c": 29.3, "heat_days_30": 136, "heat_days_35": 26, "tx90p": 6.2, "wsdi": 36, "wellbeing_score": 63.5, "health_index": 59.4}}, {"type": "Feature", "geometry": {"type": "Point", "coordinates": [-70.42656, -15.17194]}, "properties": {"school_id": "PE0069", "school_name": "Escuela Villa del Sol 69", "country": "PE", "admin1": "Puno", "admin2": "Puno - Comuna 10", "level": "Secundaria", "sector": "Publico", "enrollment": 358, "urban_rural": "Urbano", "altitude_m": 3904.3, "tmax_avg_c": 15.8, "pet_avg_c": 19.4, "wbgt_avg_c": 13.1, "heat_days_30": 0, "heat_days_35": 0, "tx90p": 7.9, "wsdi": 1, "wellbeing_score": 44.6, "health_index": 84.0}}, {"type": "Feature", "geometry": {"type": "Point", "coordinates": [-75.24372, -14.38138]}, "properties": {"school_id": "PE0070", "school_name": "Escuela Villa del Sol 70", "country": "PE", "admin1": "Ica", "admin2": "Ica - Comuna 11", "level": "Secundaria", "sector": "Subvencionado", "enrollment": 510, "urban_rural": "Urbano", "altitude_m": 363.8, "tmax_avg_c": 29.0, "pet_avg_c": 33.0, "wbgt_avg_c": 27.1, "heat_days_30": 62, "heat_days_35": 15, "tx90p": 12.2, "wsdi": 24, "wellbeing_score": 75.0, "health_index": 79.2}}, {"type": "Feature", "geometry": {"type": "Point", "coordinates": [-76.365, -12.39342]}, "properties": {"school_id": "PE0071", "school_name": "Escuela Nueva Esperanza 71", "country": "PE", "admin1": "Lima", "admin2": "Lima - Comuna 12", "level": "Secundaria", "sector": "Publico", "enrollment": 193, "urban_rural": "Rural", "altitude_m": 258.7, "tmax_avg_c": 26.1, "pet_avg_c": 27.7, "wbgt_avg_c": 22.5, "heat_days_30": 35, "heat_days_35": 8, "tx90p": 10.5, "wsdi": 9, "wellbeing_score": 67.8, "health_index": 80.5}}, {"type": "Feature", "geometry": {"type": "Point", "coordinates": [-71.97787, -16.33462]}, "properties": {"school_id": "PE0072", "school_name": "Escuela Amanecer 72", "country": "PE", "admin1": "Arequipa", "admin2": "Arequipa - Comuna 1", "level": "Primaria", "sector": "Subvencionado", "enrollment": 220, "urban_rural": "Urbano", "altitude_m": 2215.1, "tmax_avg_c": 23.3, "pet_avg_c": 25.2, "wbgt_avg_c": 19.9, "heat_days_30": 0, "heat_days_35": 0, "tx90p": 11.6, "wsdi": 0, "wellbeing_score": 58.7, "health_index": 90.5}}, {"type": "Feature", "geometry": {"type": "Point", "coordinates": [-78.97096, -8.18685]}, "properties": {"school_id": "PE0073", "school_name": "Escuela Simon Bolivar 73", "country": "PE", "admin1": "La Libertad", "admin2": "La Libertad - Comuna 2", "level": "Secundaria", "sector": "Privado", "enrollment": 124, "urban_rural": "Urbano", "altitude_m": 102.8, "tmax_avg_c": 27.3, "pet_avg_c": 30.8, "wbgt_avg_c": 25.2, "heat_days_30": 50, "heat_days_35": 9, "tx90p": 15.0, "wsdi": 14, "wellbeing_score": 73.0, "health_index": 79.8}}, {"type": "Feature", "geometry": {"type": "Point", "coordinates": [-79.58364, -5.01543]}, "properties": {"school_id": "PE0074", "school_name": "Escuela El Progreso 74", "country": "PE", "admin1": "Piura", "admin2": "Piura - Comuna 3", "level": "Primaria", "sector": "Publico", "enrollment": 231, "urban_rural": "Rural", "altitude_m": 102.7, "tmax_avg_c": 31.9, "pet_avg_c": 36.7, "wbgt_avg_c": 29.3, "heat_days_30": 116, "heat_days_35": 30, "tx90p": 10.5, "wsdi": 22, "wellbeing_score": 52.9, "health_index": 76.8}}, {"type": "Feature", "geometry": {"type": "Point", "coordinates": [-71.79181, -13.77727]}, "properties": {"school_id": "PE0075", "school_name": "Escuela Las Colinas 75", "country": "PE", "admin1": "Cusco", "admin2": "Cusco - Comuna 4", "level": "Primaria", "sector": "Publico", "enrollment": 366, "urban_rural": "Urbano", "altitude_m": 3376.0, "tmax_avg_c": 18.9, "pet_avg_c": 20.4, "wbgt_avg_c": 17.8, "heat_days_30": 0, "heat_days_35": 0, "tx90p": 14.3, "wsdi": 1, "wellbeing_score": 68.8, "health_index": 68.8}}, {"type": "Feature", "geometry": {"type": "Point", "coordinates": [-75.74714, -11.87272]}, "properties": {"school_id": "PE0076", "school_name": "Escuela El Progreso 76", "country": "PE", "admin1": "Junin", "admin2": "Junin - Comuna 5", "level": "Primaria", "sector": "Publico", "enrollment": 287, "urban_rural": "Rural", "altitude_m": 3334.4, "tmax_avg_c": 19.7, "pet_avg_c": 24.9, "wbgt_avg_c": 18.2, "heat_days_30": 0, "heat_days_35": 0, "tx90p": 3.7, "wsdi": 1, "wellbeing_score": 73.4, "health_index": 78.9}}, {"type": "Feature", "geometry": {"type": "Point", "coordinates": [-79.63331, -6.98477]}, "properties": {"school_id": "PE0077", "school_name": "Escuela Los Andes 77", "country": "PE", "admin1": "Lambayeque", "admin2": "Lambayeque - Comuna 6", "level": "Inicial", "sector": "Publico", "enrollment": 149, "urban_rural": "Rural", "altitude_m": 0.0, "tmax_avg_c": 33.4, "pet_avg_c": 35.4, "wbgt_avg_c": 29.6, "heat_days_30": 156, "heat_days_35": 17, "tx90p": 14.5, "wsdi": 19, "wellbeing_score": 83.0, "health_index": 76.6}}, {"type": "Feature", "geometry": {"type": "Point", "coordinates": [-73.71557, -3.76191]}, "properties": {"school_id": "PE0078", "school_name": "Escuela San Martin 78", "country": "PE", "admin1": "Loreto", "admin2": "Loreto - Comuna 7", "level": "Secundaria", "sector": "Privado", "enrollment": 312, "urban_rural": "Urbano", "altitude_m": 35.7, "tmax_avg_c": 31.4, "pet_avg_c": 35.7, "wbgt_avg_c": 28.0, "heat_days_30": 107, "heat_days_35": 23, "tx90p": 7.2, "wsdi": 20, "wellbeing_score": 38.8, "health_index": 85.8}}, {"type": "Feature", "geometry": {"type": "Point", "coordinates": [-69.98476, -15.04823]}, "properties": {"school_id": "PE0079", "school_name": "Escuela Amanecer 79", "country": "PE", "admin1": "Puno", "admin2": "Puno - Comuna 8", "level": "Secundaria", "sector": "Publico", "enrollment": 304, "urban_rural": "Urbano", "altitude_m": 3726.1, "tmax_avg_c": 16.5, "pet_avg_c": 21.8, "wbgt_avg_c": 13.1, "heat_days_30": 0, "heat_days_35": 0, "tx90p": 12.4, "wsdi": 0, "wellbeing_score": 81.6, "health_index": 78.7}}, {"type": "Feature", "geometry": {"type": "Point", "coordinates": [-75.71948, -14.24874]}, "properties": {"school_id": "PE0080", "school_name": "Escuela Santa Rosa 80", "country": "PE", "admin1": "Ica", "admin2": "Ica - Comuna 9", "level": "Primaria", "sector": "Publico", "enrollment": 182, "urban_rural": "Urbano", "altitude_m": 636.8, "tmax_avg_c": 28.7, "pet_avg_c": 32.3, "wbgt_avg_c": 27.6, "heat_days_30": 89, "heat_days_35": 14, "tx90p": 15.0, "wsdi": 35, "wellbeing_score": 62.3, "health_index": 63.6}}, {"type": "Feature", "geometry": {"type": "Point", "coordinates": [-76.85051, -12.30528]}, "properties": {"school_id": "PE0081", "school_name": "Escuela Santa Rosa 81", "country": "PE", "admin1": "Lima", "admin2": "Lima - Comuna 10", "level": "Secundaria", "sector": "Publico", "enrollment": 222, "urban_rural": "Urbano", "altitude_m": 12.8, "tmax_avg_c": 26.8, "pet_avg_c": 28.9, "wbgt_avg_c": 23.6, "heat_days_30": 43, "heat_days_35": 2, "tx90p": 14.0, "wsdi": 18, "wellbeing_score": 73.3, "health_index": 70.4}}, {"type": "Feature", "geometry": {"type": "Point", "coordinates": [-71.28097, -16.75762]}, "properties": {"school_id": "PE0082", "school_name": "Escuela Los Andes 82", "country": "PE", "admin1": "Arequipa", "admin2": "Arequipa - Comuna 11", "level": "Inicial", "sector": "Privado", "enrollment": 334, "urban_rural": "Urbano", "altitude_m": 2298.6, "tmax_avg_c": 23.4, "pet_avg_c": 28.5, "wbgt_avg_c": 21.1, "heat_days_30": 4, "heat_days_35": 0, "tx90p": 12.6, "wsdi": 0, "wellbeing_score": 85.7, "health_index": 89.3}}, {"type": "Feature", "geometry": {"type": "Point", "coordinates": [-78.94851, -8.07983]}, "properties": {"school_id": "PE0083", "school_name": "Escuela Los Andes 83", "country": "PE", "admin1": "La Libertad", "admin2": "La Libertad - Comuna 12", "level": "Inicial", "sector": "Publico", "enrollment": 393, "urban_rural": "Rural", "altitude_m": 0.0, "tmax_avg_c": 25.6, "pet_avg_c": 28.3, "wbgt_avg_c": 23.4, "heat_days_30": 11, "heat_days_35": 1, "tx90p": 15.4, "wsdi": 6, "wellbeing_score": 74.2, "health_index": 90.3}}, {"type": "Feature", "geometry": {"type": "Point", "coordinates": [-81.13452, -4.91333]}, "properties": {"school_id": "PE0084", "school_name": "Escuela Los Alamos 84", "country": "PE", "admin1": "Piura", "admin2": "Piura - Comuna 1", "level": "Inicial", "sector": "Publico", "enrollment": 348, "urban_rural": "Urbano", "altitude_m": 270.2, "tmax_avg_c": 30.6, "pet_avg_c": 33.3, "wbgt_avg_c": 26.7, "heat_days_30": 92, "heat_days_35": 6, "tx90p": 12.2, "wsdi": 28, "wellbeing_score": 48.9, "health_index": 70.6}}, {"type": "Feature", "geometry": {"type": "Point", "coordinates": [-71.73975, -13.25832]}, "properties": {"school_id": "PE0085", "school_name": "Escuela El Bosque 85", "country": "PE", "admin1": "Cusco", "admin2": "Cusco - Comuna 2", "level": "Inicial", "sector": "Publico", "enrollment": 331, "urban_rural": "Urbano", "altitude_m": 3304.4, "tmax_avg_c": 19.3, "pet_avg_c": 23.9, "wbgt_avg_c": 16.3, "heat_days_30": 0, "heat_days_35": 0, "tx90p": 11.6, "wsdi": 0, "wellbeing_score": 65.4, "health_index": 78.2}}, {"type": "Feature", "geometry": {"type": "Point", "coordinates": [-75.13618, -12.03356]}, "properties": {"school_id": "PE0086", "school_name": "Escuela Los Alamos 86", "country": "PE", "admin1": "Junin", "admin2": "Junin - Comuna 3", "level": "Primaria", "sector": "Publico", "enrollment": 226, "urban_rural": "Urbano", "altitude_m": 3395.8, "tmax_avg_c": 17.6, "pet_avg_c": 21.1, "wbgt_avg_c": 16.2, "heat_days_30": 0, "heat_days_35": 0, "tx90p": 13.1, "wsdi": 0, "wellbeing_score": 76.8, "health_index": 96.1}}, {"type": "Feature", "geometry": {"type": "Point", "coordinates": [-79.53401, -6.20458]}, "properties": {"school_id": "PE0087", "school_name": "Escuela Nueva Esperanza 87", "country": "PE", "admin1": "Lambayeque", "admin2": "Lambayeque - Comuna 4", "level": "Inicial", "sector": "Publico", "enrollment": 153, "urban_rural": "Urbano", "altitude_m": 22.2, "tmax_avg_c": 30.6, "pet_avg_c": 35.2, "wbgt_avg_c": 27.4, "heat_days_30": 98, "heat_days_35": 5, "tx90p": 7.5, "wsdi": 15, "wellbeing_score": 57.6, "health_index": 79.6}}, {"type": "Feature", "geometry": {"type": "Point", "coordinates": [-74.0046, -4.4731]}, "properties": {"school_id": "PE0088", "school_name": "Escuela Las Flores 88", "country": "PE", "admin1": "Loreto", "admin2": "Loreto - Comuna 5", "level": "Primaria", "sector": "Subvencionado", "enrollment": 170, "urban_rural": "Rural", "altitude_m": 106.4, "tmax_avg_c": 32.5, "pet_avg_c": 35.4, "wbgt_avg_c": 30.8, "heat_days_30": 123, "heat_days_35": 17, "tx90p": 18.4, "wsdi": 52, "wellbeing_score": 72.8, "health_index": 76.0}}, {"type": "Feature", "geometry": {"type": "Point", "coordinates": [-69.94634, -15.72999]}, "properties": {"school_id": "PE0089", "school_name": "Escuela El Progreso 89", "country": "PE", "admin1": "Puno", "admin2": "Puno - Comuna 6", "level": "Secundaria", "sector": "Publico", "enrollment": 495, "urban_rural": "Urbano", "altitude_m": 3837.0, "tmax_avg_c": 16.9, "pet_avg_c": 21.2, "wbgt_avg_c": 13.3, "heat_days_30": 0, "heat_days_35": 0, "tx90p": 15.5, "wsdi": 0, "wellbeing_score": 91.2, "health_index": 80.8}}, {"type": "Feature", "geometry": {"type": "Point", "coordinates": [-75.65139, -13.37712]}, "properties": {"school_id": "PE0090", "school_name": "Escuela Simon Bolivar 90", "country": "PE", "admin1": "Ica", "admin2": "Ica - Comuna 7", "level": "Primaria", "sector": "Publico", "enrollment": 161, "urban_rural": "Urbano", "altitude_m": 435.5, "tmax_avg_c": 28.5, "pet_avg_c": 32.7, "wbgt_avg_c": 26.3, "heat_days_30": 62, "heat_days_35": 15, "tx90p": 14.3, "wsdi": 22, "wellbeing_score": 50.5, "health_index": 67.9}}, {"type": "Feature", "geometry": {"type": "Point", "coordinates": [-77.02807, -12.00282]}, "properties": {"school_id": "PE0091", "school_name": "Escuela El Progreso 91", "country": "PE", "admin1": "Lima", "admin2": "Lima - Comuna 8", "level": "Inicial", "sector": "Publico", "enrollment": 101, "urban_rural": "Rural", "altitude_m": 34.0, "tmax_avg_c": 24.7, "pet_avg_c": 28.6, "wbgt_avg_c": 23.2, "heat_days_30": 0, "heat_days_35": 0, "tx90p": 15.9, "wsdi": 0, "wellbeing_score": 68.6, "health_index": 72.1}}, {"type": "Feature", "geometry": {"type": "Point", "coordinates": [-71.57312, -16.86339]}, "properties": {"school_id": "PE0092", "school_name": "Escuela Los Andes 92", "country": "PE", "admin1": "Arequipa", "admin2": "Arequipa - Comuna 9", "level": "Primaria", "sector": "Privado", "enrollment": 88, "urban_rural": "Urbano", "altitude_m": 2482.4, "tmax_avg_c": 22.0, "pet_avg_c": 25.9, "wbgt_avg_c": 20.6, "heat_days_30": 0, "heat_days_35": 0, "tx90p": 10.5, "wsdi": 1, "wellbeing_score": 66.8, "health_index": 77.7}}, {"type": "Feature", "geometry": {"type": "Point", "coordinates": [-78.71607, -7.95734]}, "properties": {"school_id": "PE0093", "school_name": "Escuela El Progreso 93", "country": "PE", "admin1": "La Libertad", "admin2": "La Libertad - Comuna 10", "level": "Secundaria", "sector": "Subvencionado", "enrollment": 666, "urban_rural": "Rural", "altitude_m": 0.0, "tmax_avg_c": 25.3, "pet_avg_c": 30.6, "wbgt_avg_c": 23.3, "heat_days_30": 45, "heat_days_35": 11, "tx90p": 9.5, "wsdi": 21, "wellbeing_score": 61.1, "health_index": 75.3}}, {"type": "Feature", "geometry": {"type": "Point", "coordinates": [-80.23534, -5.18323]}, "properties": {"school_id": "PE0094", "school_name": "Escuela El Bosque 94", "country": "PE", "admin1": "Piura", "admin2": "Piura - Comuna 11", "level": "Inicial", "sector": "Subvencionado", "enrollment": 396, "urban_rural": "Urbano", "altitude_m": 186.1, "tmax_avg_c": 30.3, "pet_avg_c": 34.0, "wbgt_avg_c": 28.1, "heat_days_30": 110, "heat_days_35": 23, "tx90p": 15.5, "wsdi": 26, "wellbeing_score": 57.2, "health_index": 73.0}}, {"type": "Feature", "geometry": {"type": "Point", "coordinates": [-71.71863, -13.44766]}, "properties": {"school_id": "PE0095", "school_name": "Escuela Simon Bolivar 95", "country": "PE", "admin1": "Cusco", "admin2": "Cusco - Comuna 12", "level": "Primaria", "sector": "Subvencionado", "enrollment": 201, "urban_rural": "Urbano", "altitude_m": 3429.1, "tmax_avg_c": 17.6, "pet_avg_c": 20.7, "wbgt_avg_c": 16.2, "heat_days_30": 0, "heat_days_35": 0, "tx90p": 9.6, "wsdi": 0, "wellbeing_score": 82.6, "health_index": 80.2}}, {"type": "Feature", "geometry": {"type": "Point", "coordinates": [-75.66443, -12.53956]}, "properties": {"school_id": "PE0096", "school_name": "Escuela Nueva Esperanza 96", "country": "PE", "admin1": "Junin", "admin2": "Junin - Comuna 1", "level": "Secundaria", "sector": "Publico", "enrollment": 380, "urban_rural": "Urbano", "altitude_m": 3275.7, "tmax_avg_c": 18.0, "pet_avg_c": 21.1, "wbgt_avg_c": 15.8, "heat_days_30": 0, "heat_days_35": 0, "tx90p": 3.2, "wsdi": 1, "wellbeing_score": 60.1, "health_index": 80.3}}, {"type": "Feature", "geometry": {"type": "Point", "coordinates": [-79.80925, -6.48473]}, "properties": {"school_id": "PE0097", "school_name": "Escuela Las Flores 97", "country": "PE", "admin1": "Lambayeque", "admin2": "Lambayeque - Comuna 2", "level": "Secundaria", "sector": "Privado", "enrollment": 65, "urban_rural": "Urbano", "altitude_m": 199.0, "tmax_avg_c": 30.1, "pet_avg_c": 34.0, "wbgt_avg_c": 26.7, "heat_days_30": 92, "heat_days_35": 22, "tx90p": 15.2, "wsdi": 44, "wellbeing_score": 67.8, "health_index": 62.2}}, {"type": "Feature", "geometry": {"type": "Point", "coordinates": [-73.39164, -3.96359]}, "properties": {"school_id": "PE0098", "school_name": "Escuela Amanecer 98", "country": "PE", "admin1": "Loreto", "admin2": "Loreto - Comuna 3", "level": "Inicial", "sector": "Publico", "enrollment": 216, "urban_rural": "Rural", "altitude_m": 177.1, "tmax_avg_c": 33.6, "pet_avg_c": 38.8, "wbgt_avg_c": 31.8, "heat_days_30": 139, "heat_days_35": 35, "tx90p": 6.9, "wsdi": 28, "wellbeing_score": 65.1, "health_index": 78.5}}, {"type": "Feature", "geometry": {"type": "Point", "coordinates": [-70.20114, -16.06881]}, "properties": {"school_id": "PE0099", "school_name": "Escuela Buenos Aires 99", "country": "PE", "admin1": "Puno", "admin2": "Puno - Comuna 4", "level": "Primaria", "sector": "Publico", "enrollment": 138, "urban_rural": "Rural", "altitude_m": 3799.1, "tmax_avg_c": 15.8, "pet_avg_c": 20.2, "wbgt_avg_c": 14.7, "heat_days_30": 0, "heat_days_35": 0, "tx90p": 9.2, "wsdi": 4, "wellbeing_score": 65.7, "health_index": 68.0}}, {"type": "Feature", "geometry": {"type": "Point", "coordinates": [-75.58284, -13.19999]}, "properties": {"school_id": "PE0100", "school_name": "Escuela Los Alamos 100", "country": "PE", "admin1": "Ica", "admin2": "Ica - Comuna 5", "level": "Secundaria", "sector": "Subvencionado", "enrollment": 194, "urban_rural": "Rural", "altitude_m": 367.1, "tmax_avg_c": 29.4, "pet_avg_c": 32.7, "wbgt_avg_c": 25.6, "heat_days_30": 80, "heat_days_35": 5, "tx90p": 10.6, "wsdi": 31, "wellbeing_score": 74.5, "health_index": 85.5}}, {"type": "Feature", "geometry": {"type": "Point", "coordinates": [-76.82965, -12.26153]}, "properties": {"school_id": "PE0101", "school_name": "Escuela Alto del Rio 101", "country": "PE", "admin1": "Lima", "admin2": "Lima - Comuna 6", "level": "Primaria", "sector": "Publico", "enrollment": 183, "urban_rural": "Rural", "altitude_m": 201.9, "tmax_avg_c": 23.2, "pet_avg_c": 27.4, "wbgt_avg_c": 20.3, "heat_days_30": 0, "heat_days_35": 0, "tx90p": 5.5, "wsdi": 5, "wellbeing_score": 56.6, "health_index": 86.9}}, {"type": "Feature", "geometry": {"type": "Point", "coordinates": [-71.50901, -16.59236]}, "properties": {"school_id": "PE0102", "school_name": "Escuela Nueva Esperanza 102", "country": "PE", "admin1": "Arequipa", "admin2": "Arequipa - Comuna 7", "level": "Secundaria", "sector": "Publico", "enrollment": 276, "urban_rural": "Rural", "altitude_m": 2480.8, "tmax_avg_c": 24.4, "pet_avg_c": 26.1, "wbgt_avg_c": 22.5, "heat_days_30": 9, "heat_days_35": 0, "tx90p": 11.4, "wsdi": 3, "wellbeing_score": 59.7, "health_index": 87.0}}, {"type": "Feature", "geometry": {"type": "Point", "coordinates": [-78.9781, -7.99597]}, "properties": {"school_id": "PE0103", "school_name": "Escuela Santa Rosa 103", "country": "PE", "admin1": "La Libertad", "admin2": "La Libertad - Comuna 8", "level": "Inicial", "sector": "Publico", "enrollment": 230, "urban_rural": "Urbano", "altitude_m": 26.2, "tmax_avg_c": 27.6, "pet_avg_c": 32.4, "wbgt_avg_c": 25.2, "heat_days_30": 36, "heat_days_35": 7, "tx90p": 6.3, "wsdi": 11, "wellbeing_score": 69.2, "health_index": 78.4}}, {"type": "Feature", "geometry": {"type": "Point", "coordinates": [-80.1697, -4.66536]}, "properties": {"school_id": "PE0104", "school_name": "Escuela Las Colinas 104", "country": "PE", "admin1": "Piura", "admin2": "Piura - Comuna 9", "level": "Secundaria", "sector": "Publico", "enrollment": 406, "urban_rural": "Urbano", "altitude_m": 168.0, "tmax_avg_c": 30.8, "pet_avg_c": 33.4, "wbgt_avg_c": 26.8, "heat_days_30": 121, "heat_days_35": 25, "tx90p": 10.2, "wsdi": 49, "wellbeing_score": 58.7, "health_index": 85.4}}, {"type": "Feature", "geometry": {"type": "Point", "coordinates": [-71.76807, -13.3696]}, "properties": {"school_id": "PE0105", "school_name": "Escuela Villa del Sol 105", "country": "PE", "admin1": "Cusco", "admin2": "Cusco - Comuna 10", "level": "Primaria", "sector": "Subvencionado", "enrollment": 248, "urban_rural": "Rural", "altitude_m": 3610.1, "tmax_avg_c": 18.1, "pet_avg_c": 20.9, "wbgt_avg_c": 14.3, "heat_days_30": 0, "heat_days_35": 0, "tx90p": 13.3, "wsdi": 0, "wellbeing_score": 73.4, "health_index": 65.7}}, {"type": "Feature", "geometry": {"type": "Point", "coordinates": [-75.84614, -11.80972]}, "properties": {"school_id": "PE0106", "school_name": "Escuela Los Alamos 106", "country": "PE", "admin1": "Junin", "admin2": "Junin - Comuna 11", "level": "Primaria", "sector": "Privado", "enrollment": 118, "urban_rural": "Urbano", "altitude_m": 3244.9, "tmax_avg_c": 18.7, "pet_avg_c": 21.8, "wbgt_avg_c": 14.7, "heat_days_30": 0, "heat_days_35": 0, "tx90p": 7.9, "wsdi": 2, "wellbeing_score": 80.5, "health_index": 88.8}}, {"type": "Feature", "geometry": {"type": "Point", "coordinates": [-79.28118, -6.62148]}, "properties": {"school_id": "PE0107", "school_name": "Escuela San Martin 107", "country": "PE", "admin1": "Lambayeque", "admin2": "Lambayeque - Comuna 12", "level": "Secundaria", "sector": "Publico", "enrollment": 711, "urban_rural": "Rural", "altitude_m": 166.1, "tmax_avg_c": 28.7, "pet_avg_c": 31.6, "wbgt_avg_c": 25.9, "heat_days_30": 64, "heat_days_35": 8, "tx90p": 15.6, "wsdi": 15, "wellbeing_score": 51.3, "health_index": 91.3}}, {"type": "Feature", "geometry": {"type": "Point", "coordinates": [-72.71902, -3.75929]}, "properties": {"school_id": "PE0108", "school_name": "Escuela Villa del Sol 108", "country": "PE", "admin1": "Loreto", "admin2": "Loreto - Comuna 1", "level": "Inicial", "sector": "Publico", "enrollment": 561, "urban_rural": "Urbano", "altitude_m": 213.2, "tmax_avg_c": 30.1, "pet_avg_c": 32.4, "wbgt_avg_c": 29.0, "heat_days_30": 78, "heat_days_35": 9, "tx90p": 7.0, "wsdi": 23, "wellbeing_score": 59.0, "health_index": 73.2}}, {"type": "Feature", "geometry": {"type": "Point", "coordinates": [-69.42219, -16.22592]}, "properties": {"school_id": "PE0109", "school_name": "Escuela Buenos Aires 109", "country": "PE", "admin1": "Puno", "admin2": "Puno - Comuna 2", "level": "Primaria", "sector": "Publico", "enrollment": 651, "urban_rural": "Urbano", "altitude_m": 3884.2, "tmax_avg_c": 15.7, "pet_avg_c": 19.3, "wbgt_avg_c": 13.3, "heat_days_30": 0, "heat_days_35": 0, "tx90p": 12.8, "wsdi": 2, "wellbeing_score": 80.6, "health_index": 79.1}}, {"type": "Feature", "geometry": {"type": "Point", "coordinates": [-74.92821, -14.39781]}, "properties": {"school_id": "PE0110", "school_name": "Escuela Los Alamos 110", "country": "PE", "admin1": "Ica", "admin2": "Ica - Comuna 3", "level": "Primaria", "sector": "Publico", "enrollment": 297, "urban_rural": "Rural", "altitude_m": 222.8, "tmax_avg_c": 30.3, "pet_avg_c": 34.3, "wbgt_avg_c": 26.7, "heat_days_30": 71, "heat_days_35": 20, "tx90p": 6.4, "wsdi": 20, "wellbeing_score": 77.7, "health_index": 73.0}}, {"type": "Feature", "geometry": {"type": "Point", "coordinates": [-76.83564, -11.83333]}, "properties": {"school_id": "PE0111", "school_name": "Escuela Nueva Esperanza 111", "country": "PE", "admin1": "Lima", "admin2": "Lima - Comuna 4", "level": "Inicial", "sector": "Privado", "enrollment": 422, "urban_rural": "Urbano", "altitude_m": 124.1, "tmax_avg_c": 26.4, "pet_avg_c": 30.7, "wbgt_avg_c": 23.9, "heat_days_30": 36, "heat_days_35": 4, "tx90p": 10.1, "wsdi": 13, "wellbeing_score": 48.0, "health_index": 69.2}}, {"type": "Feature", "geometry": {"type": "Point", "coordinates": [-70.91677, -16.53493]}, "properties": {"school_id": "PE0112", "school_name": "Escuela El Progreso 112", "country": "PE", "admin1": "Arequipa", "admin2": "Arequipa - Comuna 5", "level": "Primaria", "sector": "Publico", "enrollment": 150, "urban_rural": "Urbano", "altitude_m": 2461.5, "tmax_avg_c": 19.7, "pet_avg_c": 23.3, "wbgt_avg_c": 15.8, "heat_days_30": 0, "heat_days_35": 0, "tx90p": 16.3, "wsdi": 0, "wellbeing_score": 60.0, "health_index": 89.2}}, {"type": "Feature", "geometry": {"type": "Point", "coordinates": [-78.6674, -7.61665]}, "properties": {"school_id": "PE0113", "school_name": "Escuela Villa del Sol 113", "country": "PE", "admin1": "La Libertad", "admin2": "La Libertad - Comuna 6", "level": "Primaria", "sector": "Publico", "enrollment": 96, "urban_rural": "Urbano", "altitude_m": 0.0, "tmax_avg_c": 28.3, "pet_avg_c": 30.5, "wbgt_avg_c": 25.3, "heat_days_30": 62, "heat_days_35": 5, "tx90p": 10.8, "wsdi": 36, "wellbeing_score": 77.1, "health_index": 72.4}}, {"type": "Feature", "geometry": {"type": "Point", "coordinates": [-80.49339, -5.30214]}, "properties": {"school_id": "PE0114", "school_name": "Escuela Los Andes 114", "country": "PE", "admin1": "Piura", "admin2": "Piura - Comuna 7", "level": "Primaria", "sector": "Subvencionado", "enrollment": 150, "urban_rural": "Rural", "altitude_m": 0.0, "tmax_avg_c": 29.5, "pet_avg_c": 33.5, "wbgt_avg_c": 26.3, "heat_days_30": 85, "heat_days_35": 14, "tx90p": 9.2, "wsdi": 28, "wellbeing_score": 39.2, "health_index": 74.9}}, {"type": "Feature", "geometry": {"type": "Point", "coordinates": [-71.48217, -13.39071]}, "properties": {"school_id": "PE0115", "school_name": "Escuela El Progreso 115", "country": "PE", "admin1": "Cusco", "admin2": "Cusco - Comuna 8", "level": "Primaria", "sector": "Publico", "enrollment": 390, "urban_rural": "Rural", "altitude_m": 3320.4, "tmax_avg_c": 16.5, "pet_avg_c": 18.1, "wbgt_avg_c": 12.9, "heat_days_30": 0, "heat_days_35": 0, "tx90p": 6.1, "wsdi": 4, "wellbeing_score": 66.2, "health_index": 80.8}}, {"type": "Feature", "geometry": {"type": "Point", "coordinates": [-75.1717, -12.4949]}, "properties": {"school_id": "PE0116", "school_name": "Escuela Las Flores 116", "country": "PE", "admin1": "Junin", "admin2": "Junin - Comuna 9", "level": "Secundaria", "sector": "Subvencionado", "enrollment": 196, "urban_rural": "Rural", "altitude_m": 3121.5, "tmax_avg_c": 15.2, "pet_avg_c": 18.0, "wbgt_avg_c": 13.2, "heat_days_30": 0, "heat_days_35": 0, "tx90p": 13.0, "wsdi": 0, "wellbeing_score": 60.1, "health_index": 80.6}}, {"type": "Feature", "geometry": {"type": "Point", "coordinates": [-79.76959, -6.61349]}, "properties": {"school_id": "PE0117", "school_name": "Escuela Nueva Esperanza 117", "country": "PE", "admin1": "Lambayeque", "admin2": "Lambayeque - Comuna 10", "level": "Primaria", "sector": "Publico", "enrollment": 351, "urban_rural": "Urbano", "altitude_m": 273.8, "tmax_avg_c": 29.6, "pet_avg_c": 32.2, "wbgt_avg_c": 27.1, "heat_days_30": 84, "heat_days_35": 12, "tx90p": 15.3, "wsdi": 28, "wellbeing_score": 86.2, "health_index": 61.8}}, {"type": "Feature", "geometry": {"type": "Point", "coordinates": [-73.62667, -3.22929]}, "properties": {"school_id": "PE0118", "school_name": "Escuela Los Andes 118", "country": "PE", "admin1": "Loreto", "admin2": "Loreto - Comuna 11", "level": "Secundaria", "sector": "Subvencionado", "enrollment": 209, "urban_rural": "Urbano", "altitude_m": 38.3, "tmax_avg_c": 32.6, "pet_avg_c": 35.7, "wbgt_avg_c": 30.3, "heat_days_30": 170, "heat_days_35": 13, "tx90p": 8.8, "wsdi": 75, "wellbeing_score": 53.7, "health_index": 70.1}}, {"type": "Feature", "geometry": {"type": "Point", "coordinates": [-70.196, -15.66823]}, "properties": {"school_id": "PE0119", "school_name": "Escuela El Progreso 119", "country": "PE", "admin1": "Puno", "admin2": "Puno - Comuna 12", "level": "Inicial", "sector": "Subvencionado", "enrollment": 422, "urban_rural": "Rural", "altitude_m": 4063.2, "tmax_avg_c": 18.2, "pet_avg_c": 19.8, "wbgt_avg_c": 14.6, "heat_days_30": 0, "heat_days_35": 0, "tx90p": 13.7, "wsdi": 0, "wellbeing_score": 54.1, "health_index": 86.6}}, {"type": "Feature", "geometry": {"type": "Point", "coordinates": [-75.94902, -13.66727]}, "properties": {"school_id": "PE0120", "school_name": "Escuela Los Andes 120", "country": "PE", "admin1": "Ica", "admin2": "Ica - Comuna 1", "level": "Inicial", "sector": "Publico", "enrollment": 192, "urban_rural": "Rural", "altitude_m": 354.4, "tmax_avg_c": 28.0, "pet_avg_c": 30.2, "wbgt_avg_c": 25.9, "heat_days_30": 83, "heat_days_35": 23, "tx90p": 12.0, "wsdi": 13, "wellbeing_score": 44.5, "health_index": 60.8}}, {"type": "Feature", "geometry": {"type": "Point", "coordinates": [-76.63121, -12.15043]}, "properties": {"school_id": "PE0121", "school_name": "Escuela Alto del Rio 121", "country": "PE", "admin1": "Lima", "admin2": "Lima - Comuna 2", "level": "Primaria", "sector": "Publico", "enrollment": 184, "urban_rural": "Urbano", "altitude_m": 96.4, "tmax_avg_c": 26.2, "pet_avg_c": 29.1, "wbgt_avg_c": 22.9, "heat_days_30": 39, "heat_days_35": 9, "tx90p": 11.5, "wsdi": 9, "wellbeing_score": 75.0, "health_index": 80.7}}, {"type": "Feature", "geometry": {"type": "Point", "coordinates": [-71.17533, -16.52521]}, "properties": {"school_id": "PE0122", "school_name": "Escuela Los Alamos 122", "country": "PE", "admin1": "Arequipa", "admin2": "Arequipa - Comuna 3", "level": "Primaria", "sector": "Privado", "enrollment": 261, "urban_rural": "Urbano", "altitude_m": 2230.2, "tmax_avg_c": 21.9, "pet_avg_c": 26.1, "wbgt_avg_c": 18.4, "heat_days_30": 0, "heat_days_35": 0, "tx90p": 7.9, "wsdi": 0, "wellbeing_score": 64.6, "health_index": 84.8}}, {"type": "Feature", "geometry": {"type": "Point", "coordinates": [-78.99485, -7.74794]}, "properties": {"school_id": "PE0123", "school_name": "Escuela Las Flores 123", "country": "PE", "admin1": "La Libertad", "admin2": "La Libertad - Comuna 4", "level": "Primaria", "sector": "Subvencionado", "enrollment": 247, "urban_rural": "Urbano", "altitude_m": 0.0, "tmax_avg_c": 26.5, "pet_avg_c": 30.0, "wbgt_avg_c": 24.5, "heat_days_30": 15, "heat_days_35": 3, "tx90p": 13.9, "wsdi": 8, "wellbeing_score": 78.0, "health_index": 83.6}}, {"type": "Feature", "geometry": {"type": "Point", "coordinates": [-80.98853, -5.34833]}, "properties": {"school_id": "PE0124", "school_name": "Escuela Nueva Esperanza 124", "country": "PE", "admin1": "Piura", "admin2": "Piura - Comuna 5", "level": "Primaria", "sector": "Subvencionado", "enrollment": 157, "urban_rural": "Urbano", "altitude_m": 38.7, "tmax_avg_c": 31.5, "pet_avg_c": 36.1, "wbgt_avg_c": 28.2, "heat_days_30": 114, "heat_days_35": 8, "tx90p": 9.1, "wsdi": 53, "wellbeing_score": 78.3, "health_index": 80.7}}, {"type": "Feature", "geometry": {"type": "Point", "coordinates": [-71.33883, -13.64136]}, "properties": {"school_id": "PE0125", "school_name": "Escuela Nueva Esperanza 125", "country": "PE", "admin1": "Cusco", "admin2": "Cusco - Comuna 6", "level": "Primaria", "sector": "Publico", "enrollment": 429, "urban_rural": "Urbano", "altitude_m": 3455.3, "tmax_avg_c": 18.6, "pet_avg_c": 22.2, "wbgt_avg_c": 15.0, "heat_days_30": 0, "heat_days_35": 0, "tx90p": 11.7, "wsdi": 3, "wellbeing_score": 60.6, "health_index": 88.1}}, {"type": "Feature", "geometry": {"type": "Point", "coordinates": [-75.38239, -12.70374]}, "properties": {"school_id": "PE0126", "school_name": "Escuela Santa Rosa 126", "country": "PE", "admin1": "Junin", "admin2": "Junin - Comuna 7", "level": "Secundaria", "sector": "Subvencionado", "enrollment": 359, "urban_rural": "Urbano", "altitude_m": 3384.9, "tmax_avg_c": 17.7, "pet_avg_c": 21.3, "wbgt_avg_c": 15.3, "heat_days_30": 0, "heat_days_35": 0, "tx90p": 7.1, "wsdi": 0, "wellbeing_score": 61.4, "health_index": 68.9}}, {"type": "Feature", "geometry": {"type": "Point", "coordinates": [-79.01725, -6.14682]}, "properties": {"school_id": "PE0127", "school_name": "Escuela El Bosque 127", "country": "PE", "admin1": "Lambayeque", "admin2": "Lambayeque - Comuna 8", "level": "Primaria", "sector": "Privado", "enrollment": 666, "urban_rural": "Urbano", "altitude_m": 0.0, "tmax_avg_c": 29.9, "pet_avg_c": 31.5, "wbgt_avg_c": 27.2, "heat_days_30": 102, "heat_days_35": 20, "tx90p": 9.7, "wsdi": 18, "wellbeing_score": 75.4, "health_index": 81.5}}, {"type": "Feature", "geometry": {"type": "Point", "coordinates": [-72.45448, -4.28658]}, "properties": {"school_id": "PE0128", "school_name": "Escuela Alto del Rio 128", "country": "PE", "admin1": "Loreto", "admin2": "Loreto - Comuna 9", "level": "Primaria", "sector": "Subvencionado", "enrollment": 220, "urban_rural": "Urbano", "altitude_m": 0.0, "tmax_avg_c": 32.5, "pet_avg_c": 36.0, "wbgt_avg_c": 30.9, "heat_days_30": 124, "heat_days_35": 35, "tx90p": 7.4, "wsdi": 28, "wellbeing_score": 60.0, "health_index": 73.5}}, {"type": "Feature", "geometry": {"type": "Point", "coordinates": [-69.84165, -16.67997]}, "properties": {"school_id": "PE0129", "school_name": "Escuela Simon Bolivar 129", "country": "PE", "admin1": "Puno", "admin2": "Puno - Comuna 10", "level": "Secundaria", "sector": "Privado", "enrollment": 294, "urban_rural": "Urbano", "altitude_m": 3825.8, "tmax_avg_c": 15.5, "pet_avg_c": 17.7, "wbgt_avg_c": 12.8, "heat_days_30": 0, "heat_days_35": 0, "tx90p": 9.5, "wsdi": 0, "wellbeing_score": 80.6, "health_index": 97.0}}, {"type": "Feature", "geometry": {"type": "Point", "coordinates": [-75.94482, -13.60645]}, "properties": {"school_id": "PE0130", "school_name": "Escuela El Bosque 130", "country": "PE", "admin1": "Ica", "admin2": "Ica - Comuna 11", "level": "Inicial", "sector": "Privado", "enrollment": 262, "urban_rural": "Urbano", "altitude_m": 481.6, "tmax_avg_c": 30.1, "pet_avg_c": 33.0, "wbgt_avg_c": 26.1, "heat_days_30": 97, "heat_days_35": 23, "tx90p": 15.2, "wsdi": 46, "wellbeing_score": 46.5, "health_index": 56.0}}, {"type": "Feature", "geometry": {"type": "Point", "coordinates": [-77.06802, -12.06473]}, "properties": {"school_id": "PE0131", "school_name": "Escuela Villa del Sol 131", "country": "PE", "admin1": "Lima", "admin2": "Lima - Comuna 12", "level": "Secundaria", "sector": "Subvencionado", "enrollment": 469, "urban_rural": "Urbano", "altitude_m": 126.5, "tmax_avg_c": 25.8, "pet_avg_c": 29.6, "wbgt_avg_c": 24.5, "heat_days_30": 24, "heat_days_35": 1, "tx90p": 7.0, "wsdi": 6, "wellbeing_score": 81.9, "health_index": 79.4}}, {"type": "Feature", "geometry": {"type": "Point", "coordinates": [-71.92321, -16.42666]}, "properties": {"school_id": "PE0132", "school_name": "Escuela Villa del Sol 132", "country": "PE", "admin1": "Arequipa", "admin2": "Arequipa - Comuna 1", "level": "Primaria", "sector": "Publico", "enrollment": 116, "urban_rural": "Urbano", "altitude_m": 2426.7, "tmax_avg_c": 20.9, "pet_avg_c": 24.7, "wbgt_avg_c": 18.6, "heat_days_30": 0, "heat_days_35": 0, "tx90p": 8.2, "wsdi": 0, "wellbeing_score": 53.7, "health_index": 83.1}}, {"type": "Feature", "geometry": {"type": "Point", "coordinates": [-79.07922, -8.09404]}, "properties": {"school_id": "PE0133", "school_name": "Escuela Buenos Aires 133", "country": "PE", "admin1": "La Libertad", "admin2": "La Libertad - Comuna 2", "level": "Inicial", "sector": "Publico", "enrollment": 181, "urban_rural": "Urbano", "altitude_m": 15.6, "tmax_avg_c": 25.7, "pet_avg_c": 28.2, "wbgt_avg_c": 23.0, "heat_days_30": 27, "heat_days_35": 7, "tx90p": 9.3, "wsdi": 5, "wellbeing_score": 74.6, "health_index": 62.8}}, {"type": "Feature", "geometry": {"type": "Point", "coordinates": [-80.82542, -5.72786]}, "properties": {"school_id": "PE0134", "school_name": "Escuela Nueva Esperanza 134", "country": "PE", "admin1": "Piura", "admin2": "Piura - Comuna 3", "level": "Secundaria", "sector": "Publico", "enrollment": 106, "urban_rural": "Urbano", "altitude_m": 289.4, "tmax_avg_c": 31.2, "pet_avg_c": 35.4, "wbgt_avg_c": 28.1, "heat_days_30": 109, "heat_days_35": 9, "tx90p": 13.6, "wsdi": 20, "wellbeing_score": 54.5, "health_index": 68.0}}, {"type": "Feature", "geometry": {"type": "Point", "coordinates": [-72.39458, -13.41424]}, "properties": {"school_id": "PE0135", "school_name": "Escuela Los Alamos 135", "country": "PE", "admin1": "Cusco", "admin2": "Cusco - Comuna 4", "level": "Primaria", "sector": "Privado", "enrollment": 250, "urban_rural": "Urbano", "altitude_m": 3418.7, "tmax_avg_c": 19.0, "pet_avg_c": 23.0, "wbgt_avg_c": 16.0, "heat_days_30": 0, "heat_days_35": 0, "tx90p": 12.2, "wsdi": 0, "wellbeing_score": 52.7, "health_index": 76.5}}, {"type": "Feature", "geometry": {"type": "Point", "coordinates": [-75.68378, -12.19163]}, "properties": {"school_id": "PE0136", "school_name": "Escuela Amanecer 136", "country": "PE", "admin1": "Junin", "admin2": "Junin - Comuna 5", "level": "Primaria", "sector": "Publico", "enrollment": 1187, "urban_rural": "Urbano", "altitude_m": 3305.5, "tmax_avg_c": 17.6, "pet_avg_c": 22.0, "wbgt_avg_c": 16.4, "heat_days_30": 0, "heat_days_35": 0, "tx90p": 9.0, "wsdi": 2, "wellbeing_score": 62.7, "health_index": 77.9}}, {"type": "Feature", "geometry": {"type": "Point", "coordinates": [-79.50657, -6.70127]}, "properties": {"school_id": "PE0137", "school_name": "Escuela Nueva Esperanza 137", "country": "PE", "admin1": "Lambayeque", "admin2": "Lambayeque - Comuna 6", "level": "Secundaria", "sector": "Privado", "enrollment": 306, "urban_rural": "Urbano", "altitude_m": 65.7, "tmax_avg_c": 31.6, "pet_avg_c": 36.0, "wbgt_avg_c": 29.0, "heat_days_30": 115, "heat_days_35": 11, "tx90p": 13.2, "wsdi": 30, "wellbeing_score": 69.6, "health_index": 70.3}}, {"type": "Feature", "geometry": {"type": "Point", "coordinates": [-72.23207, -3.86714]}, "properties": {"school_id": "PE0138", "school_name": "Escuela El Progreso 138", "country": "PE", "admin1": "Loreto", "admin2": "Loreto - Comuna 7", "level": "Secundaria", "sector": "Privado", "enrollment": 976, "urban_rural": "Urbano", "altitude_m": 0.0, "tmax_avg_c": 31.2, "pet_avg_c": 34.5, "wbgt_avg_c": 30.2, "heat_days_30": 128, "heat_days_35": 25, "tx90p": 13.7, "wsdi": 28, "wellbeing_score": 49.0, "health_index": 55.3}}, {"type": "Feature", "geometry": {"type": "Point", "coordinates": [-70.61603, -15.92701]}, "properties": {"school_id": "PE0139", "school_name": "Escuela El Progreso 139", "country": "PE", "admin1": "Puno", "admin2": "Puno - Comuna 8", "level": "Primaria", "sector": "Subvencionado", "enrollment": 201, "urban_rural": "Urbano", "altitude_m": 4007.2, "tmax_avg_c": 14.5, "pet_avg_c": 17.0, "wbgt_avg_c": 12.6, "heat_days_30": 0, "heat_days_35": 0, "tx90p": 13.1, "wsdi": 0, "wellbeing_score": 61.1, "health_index": 78.2}}, {"type": "Feature", "geometry": {"type": "Point", "coordinates": [-76.17396, -13.7854]}, "properties": {"school_id": "PE0140", "school_name": "Escuela Buenos Aires 140", "country": "PE", "admin1": "Ica", "admin2": "Ica - Comuna 9", "level": "Primaria", "sector": "Publico", "enrollment": 141, "urban_rural": "Urbano", "altitude_m": 648.2, "tmax_avg_c": 27.9, "pet_avg_c": 32.6, "wbgt_avg_c": 26.4, "heat_days_30": 46, "heat_days_35": 7, "tx90p": 8.7, "wsdi": 20, "wellbeing_score": 76.9, "health_index": 78.0}}, {"type": "Feature", "geometry": {"type": "Point", "coordinates": [-76.83839, -11.5534]}, "properties": {"school_id": "PE0141", "school_name": "Escuela San Martin 141", "country": "PE", "admin1": "Lima", "admin2": "Lima - Comuna 10", "level": "Primaria", "sector": "Subvencionado", "enrollment": 340, "urban_rural": "Rural", "altitude_m": 46.6, "tmax_avg_c": 25.6, "pet_avg_c": 27.6, "wbgt_avg_c": 22.9, "heat_days_30": 40, "heat_days_35": 6, "tx90p": 9.7, "wsdi": 12, "wellbeing_score": 84.6, "health_index": 80.0}}, {"type": "Feature", "geometry": {"type": "Point", "coordinates": [-71.48171, -16.3103]}, "properties": {"school_id": "PE0142", "school_name": "Escuela Los Andes 142", "country": "PE", "admin1": "Arequipa", "admin2": "Arequipa - Comuna 11", "level": "Secundaria", "sector": "Publico", "enrollment": 133, "urban_rural": "Urbano", "altitude_m": 2543.8, "tmax_avg_c": 22.0, "pet_avg_c": 26.5, "wbgt_avg_c": 20.8, "heat_days_30": 0, "heat_days_35": 0, "tx90p": 14.4, "wsdi": 0, "wellbeing_score": 49.4, "health_index": 76.9}}, {"type": "Feature", "geometry": {"type": "Point", "coordinates": [-78.73439, -7.13187]}, "properties": {"school_id": "PE0143", "school_name": "Escuela Villa del Sol 143", "country": "PE", "admin1": "La Libertad", "admin2": "La Libertad - Comuna 12", "level": "Primaria", "sector": "Publico", "enrollment": 219, "urban_rural": "Rural", "altitude_m": 2.2, "tmax_avg_c": 27.7, "pet_avg_c": 31.6, "wbgt_avg_c": 24.2, "heat_days_30": 59, "heat_days_35": 15, "tx90p": 13.2, "wsdi": 3, "wellbeing_score": 66.3, "health_index": 61.8}}, {"type": "Feature", "geometry": {"type": "Point", "coordinates": [-80.72451, -4.92652]}, "properties": {"school_id": "PE0144", "school_name": "Escuela Jose Marti 144", "country": "PE", "admin1": "Piura", "admin2": "Piura - Comuna 1", "level": "Secundaria", "sector": "Publico", "enrollment": 185, "urban_rural": "Urbano", "altitude_m": 251.1, "tmax_avg_c": 29.4, "pet_avg_c": 31.9, "wbgt_avg_c": 27.7, "heat_days_30": 92, "heat_days_35": 26, "tx90p": 10.5, "wsdi": 29, "wellbeing_score": 68.7, "health_index": 64.2}}, {"type": "Feature", "geometry": {"type": "Point", "coordinates": [-72.08127, -12.91344]}, "properties": {"school_id": "PE0145", "school_name": "Escuela Buenos Aires 145", "country": "PE", "admin1": "Cusco", "admin2": "Cusco - Comuna 2", "level": "Primaria", "sector": "Privado", "enrollment": 284, "urban_rural": "Urbano", "altitude_m": 3344.3, "tmax_avg_c": 19.5, "pet_avg_c": 23.5, "wbgt_avg_c": 16.1, "heat_days_30": 0, "heat_days_35": 0, "tx90p": 10.3, "wsdi": 0, "wellbeing_score": 58.9, "health_index": 81.6}}, {"type": "Feature", "geometry": {"type": "Point", "coordinates": [-75.12157, -12.58657]}, "properties": {"school_id": "PE0146", "school_name": "Escuela Nueva Esperanza 146", "country": "PE", "admin1": "Junin", "admin2": "Junin - Comuna 3", "level": "Primaria", "sector": "Privado", "enrollment": 247, "urban_rural": "Urbano", "altitude_m": 3073.9, "tmax_avg_c": 20.6, "pet_avg_c": 25.6, "wbgt_avg_c": 19.5, "heat_days_30": 0, "heat_days_35": 0, "tx90p": 8.7, "wsdi": 0, "wellbeing_score": 57.4, "health_index": 75.5}}, {"type": "Feature", "geometry": {"type": "Point", "coordinates": [-79.45006, -6.3956]}, "properties": {"school_id": "PE0147", "school_name": "Escuela San Martin 147", "country": "PE", "admin1": "Lambayeque", "admin2": "Lambayeque - Comuna 4", "level": "Secundaria", "sector": "Publico", "enrollment": 478, "urban_rural": "Rural", "altitude_m": 0.0, "tmax_avg_c": 34.0, "pet_avg_c": 38.1, "wbgt_avg_c": 30.9, "heat_days_30": 157, "heat_days_35": 14, "tx90p": 10.6, "wsdi": 51, "wellbeing_score": 66.5, "health_index": 66.0}}, {"type": "Feature", "geometry": {"type": "Point", "coordinates": [-73.24791, -3.26693]}, "properties": {"school_id": "PE0148", "school_name": "Escuela San Martin 148", "country": "PE", "admin1": "Loreto", "admin2": "Loreto - Comuna 5", "level": "Secundaria", "sector": "Publico", "enrollment": 371, "urban_rural": "Urbano", "altitude_m": 0.0, "tmax_avg_c": 32.2, "pet_avg_c": 34.4, "wbgt_avg_c": 29.4, "heat_days_30": 119, "heat_days_35": 14, "tx90p": 13.9, "wsdi": 36, "wellbeing_score": 83.5, "health_index": 67.5}}, {"type": "Feature", "geometry": {"type": "Point", "coordinates": [-70.4168, -15.33267]}, "properties": {"school_id": "PE0149", "school_name": "Escuela Simon Bolivar 149", "country": "PE", "admin1": "Puno", "admin2": "Puno - Comuna 6", "level": "Secundaria", "sector": "Publico", "enrollment": 284, "urban_rural": "Urbano", "altitude_m": 3695.3, "tmax_avg_c": 17.9, "pet_avg_c": 20.9, "wbgt_avg_c": 15.0, "heat_days_30": 0, "heat_days_35": 0, "tx90p": 8.9, "wsdi": 0, "wellbeing_score": 60.1, "health_index": 79.3}}, {"type": "Feature", "geometry": {"type": "Point", "coordinates": [-75.89835, -13.46407]}, "properties": {"school_id": "PE0150", "school_name": "Escuela Las Colinas 150", "country": "PE", "admin1": "Ica", "admin2": "Ica - Comuna 7", "level": "Primaria", "sector": "Publico", "enrollment": 410, "urban_rural": "Urbano", "altitude_m": 349.4, "tmax_avg_c": 29.1, "pet_avg_c": 33.8, "wbgt_avg_c": 27.5, "heat_days_30": 90, "heat_days_35": 20, "tx90p": 15.7, "wsdi": 9, "wellbeing_score": 73.0, "health_index": 79.0}}, {"type": "Feature", "geometry": {"type": "Point", "coordinates": [-76.55311, -11.4534]}, "properties": {"school_id": "PE0151", "school_name": "Escuela Las Flores 151", "country": "PE", "admin1": "Lima", "admin2": "Lima - Comuna 8", "level": "Inicial", "sector": "Privado", "enrollment": 315, "urban_rural": "Urbano", "altitude_m": 383.5, "tmax_avg_c": 25.3, "pet_avg_c": 28.3, "wbgt_avg_c": 23.1, "heat_days_30": 24, "heat_days_35": 2, "tx90p": 13.8, "wsdi": 7, "wellbeing_score": 79.4, "health_index": 93.0}}, {"type": "Feature", "geometry": {"type": "Point", "coordinates": [-70.88974, -16.13185]}, "properties": {"school_id": "PE0152", "school_name": "Escuela Villa del Sol 152", "country": "PE", "admin1": "Arequipa", "admin2": "Arequipa - Comuna 9", "level": "Primaria", "sector": "Publico", "enrollment": 182, "urban_rural": "Urbano", "altitude_m": 2355.3, "tmax_avg_c": 22.3, "pet_avg_c": 24.1, "wbgt_avg_c": 20.1, "heat_days_30": 0, "heat_days_35": 0, "tx90p": 9.3, "wsdi": 2, "wellbeing_score": 51.4, "health_index": 69.7}}, {"type": "Feature", "geometry": {"type": "Point", "coordinates": [-78.41557, -7.90196]}, "properties": {"school_id": "PE0153", "school_name": "Escuela Nueva Esperanza 153", "country": "PE", "admin1": "La Libertad", "admin2": "La Libertad - Comuna 10", "level": "Inicial", "sector": "Privado", "enrollment": 385, "urban_rural": "Urbano", "altitude_m": 228.3, "tmax_avg_c": 29.9, "pet_avg_c": 34.4, "wbgt_avg_c": 26.6, "heat_days_30": 99, "heat_days_35": 27, "tx90p": 14.7, "wsdi": 32, "wellbeing_score": 61.7, "health_index": 67.9}}, {"type": "Feature", "geometry": {"type": "Point", "coordinates": [-80.52696, -5.3979]}, "properties": {"school_id": "PE0154", "school_name": "Escuela Las Flores 154", "country": "PE", "admin1": "Piura", "admin2": "Piura - Comuna 11", "level": "Secundaria", "sector": "Subvencionado", "enrollment": 153, "urban_rural": "Urbano", "altitude_m": 0.0, "tmax_avg_c": 28.8, "pet_avg_c": 32.3, "wbgt_avg_c": 26.0, "heat_days_30": 87, "heat_days_35": 16, "tx90p": 12.3, "wsdi": 18, "wellbeing_score": 81.4, "health_index": 71.7}}, {"type": "Feature", "geometry": {"type": "Point", "coordinates": [-71.96096, -13.56446]}, "properties": {"school_id": "PE0155", "school_name": "Escuela Alto del Rio 155", "country": "PE", "admin1": "Cusco", "admin2": "Cusco - Comuna 12", "level": "Primaria", "sector": "Publico", "enrollment": 97, "urban_rural": "Urbano", "altitude_m": 3536.3, "tmax_avg_c": 19.6, "pet_avg_c": 21.9, "wbgt_avg_c": 17.0, "heat_days_30": 0, "heat_days_35": 0, "tx90p": 18.2, "wsdi": 1, "wellbeing_score": 59.7, "health_index": 87.7}}, {"type": "Feature", "geometry": {"type": "Point", "coordinates": [-74.55684, -12.0934]}, "properties": {"school_id": "PE0156", "school_name": "Escuela Amanecer 156", "country": "PE", "admin1": "Junin", "admin2": "Junin - Comuna 1", "level": "Primaria", "sector": "Publico", "enrollment": 354, "urban_rural": "Rural", "altitude_m": 3195.3, "tmax_avg_c": 18.8, "pet_avg_c": 21.4, "wbgt_avg_c": 15.5, "heat_days_30": 0, "heat_days_35": 0, "tx90p": 6.0, "wsdi": 0, "wellbeing_score": 62.4, "health_index": 85.2}}, {"type": "Feature", "geometry": {"type": "Point", "coordinates": [-79.6653, -6.8049]}, "properties": {"school_id": "PE0157", "school_name": "Escuela Los Alamos 157", "country": "PE", "admin1": "Lambayeque", "admin2": "Lambayeque - Comuna 2", "level": "Secundaria", "sector": "Subvencionado", "enrollment": 405, "urban_rural": "Urbano", "altitude_m": 24.2, "tmax_avg_c": 29.8, "pet_avg_c": 34.3, "wbgt_avg_c": 28.4, "heat_days_30": 101, "heat_days_35": 13, "tx90p": 18.0, "wsdi": 31, "wellbeing_score": 50.4, "health_index": 72.3}}, {"type": "Feature", "geometry": {"type": "Point", "coordinates": [-73.81601, -3.80082]}, "properties": {"school_id": "PE0158", "school_name": "Escuela Alto del Rio 158", "country": "PE", "admin1": "Loreto", "admin2": "Loreto - Comuna 3", "level": "Inicial", "sector": "Publico", "enrollment": 669, "urban_rural": "Urbano", "altitude_m": 445.1, "tmax_avg_c": 34.0, "pet_avg_c": 36.8, "wbgt_avg_c": 31.0, "heat_days_30": 126, "heat_days_35": 28, "tx90p": 6.1, "wsdi": 23, "wellbeing_score": 70.3, "health_index": 67.8}}, {"type": "Feature", "geometry": {"type": "Point", "coordinates": [-69.74517, -15.26275]}, "properties": {"school_id": "PE0159", "school_name": "Escuela Jose Marti 159", "country": "PE", "admin1": "Puno", "admin2": "Puno - Comuna 4", "level": "Secundaria", "sector": "Subvencionado", "enrollment": 644, "urban_rural": "Rural", "altitude_m": 3902.4, "tmax_avg_c": 19.1, "pet_avg_c": 21.8, "wbgt_avg_c": 17.1, "heat_days_30": 0, "heat_days_35": 0, "tx90p": 14.3, "wsdi": 0, "wellbeing_score": 61.5, "health_index": 59.7}}, {"type": "Feature", "geometry": {"type": "Point", "coordinates": [-75.28056, -13.64042]}, "properties": {"school_id": "PE0160", "school_name": "Escuela Los Alamos 160", "country": "PE", "admin1": "Ica", "admin2": "Ica - Comuna 5", "level": "Primaria", "sector": "Publico", "enrollment": 152, "urban_rural": "Urbano", "altitude_m": 349.1, "tmax_avg_c": 29.8, "pet_avg_c": 32.6, "wbgt_avg_c": 26.6, "heat_days_30": 85, "heat_days_35": 5, "tx90p": 11.8, "wsdi": 46, "wellbeing_score": 66.9, "health_index": 75.1}}, {"type": "Feature", "geometry": {"type": "Point", "coordinates": [-76.65889, -11.97505]}, "properties": {"school_id": "PE0161", "school_name": "Escuela San Martin 161", "country": "PE", "admin1": "Lima", "admin2": "Lima - Comuna 6", "level": "Primaria", "sector": "Publico", "enrollment": 110, "urban_rural": "Rural", "altitude_m": 219.1, "tmax_avg_c": 25.9, "pet_avg_c": 31.1, "wbgt_avg_c": 24.4, "heat_days_30": 28, "heat_days_35": 5, "tx90p": 7.3, "wsdi": 7, "wellbeing_score": 69.6, "health_index": 62.7}}, {"type": "Feature", "geometry": {"type": "Point", "coordinates": [-72.08822, -16.27764]}, "properties": {"school_id": "PE0162", "school_name": "Escuela Los Andes 162", "country": "PE", "admin1": "Arequipa", "admin2": "Arequipa - Comuna 7", "level": "Primaria", "sector": "Publico", "enrollment": 127, "urban_rural": "Urbano", "altitude_m": 2289.0, "tmax_avg_c": 20.8, "pet_avg_c": 24.8, "wbgt_avg_c": 18.5, "heat_days_30": 0, "heat_days_35": 0, "tx90p": 11.0, "wsdi": 0, "wellbeing_score": 59.7, "health_index": 69.4}}, {"type": "Feature", "geometry": {"type": "Point", "coordinates": [-77.8654, -8.15477]}, "properties": {"school_id": "PE0163", "school_name": "Escuela Los Andes 163", "country": "PE", "admin1": "La Libertad", "admin2": "La Libertad - Comuna 8", "level": "Secundaria", "sector": "Publico", "enrollment": 227, "urban_rural": "Rural", "altitude_m": 0.0, "tmax_avg_c": 28.1, "pet_avg_c": 33.3, "wbgt_avg_c": 25.9, "heat_days_30": 56, "heat_days_35": 5, "tx90p": 9.0, "wsdi": 18, "wellbeing_score": 71.7, "health_index": 73.6}}, {"type": "Feature", "geometry": {"type": "Point", "coordinates": [-80.89444, -4.9849]}, "properties": {"school_id": "PE0164", "school_name": "Escuela El Progreso 164", "country": "PE", "admin1": "Piura", "admin2": "Piura - Comuna 9", "level": "Secundaria", "sector": "Publico", "enrollment": 268, "urban_rural": "Urbano", "altitude_m": 118.7, "tmax_avg_c": 31.5, "pet_avg_c": 35.6, "wbgt_avg_c": 28.0, "heat_days_30": 118, "heat_days_35": 30, "tx90p": 10.0, "wsdi": 39, "wellbeing_score": 55.8, "health_index": 72.3}}, {"type": "Feature", "geometry": {"type": "Point", "coordinates": [-72.6878, -13.47256]}, "properties": {"school_id": "PE0165", "school_name": "Escuela Alto del Rio 165", "country": "PE", "admin1": "Cusco", "admin2": "Cusco - Comuna 10", "level": "Inicial", "sector": "Subvencionado", "enrollment": 100, "urban_rural": "Urbano", "altitude_m": 3408.7, "tmax_avg_c": 21.7, "pet_avg_c": 26.2, "wbgt_avg_c": 17.9, "heat_days_30": 0, "heat_days_35": 0, "tx90p": 13.0, "wsdi": 2, "wellbeing_score": 43.5, "health_index": 71.7}}, {"type": "Feature", "geometry": {"type": "Point", "coordinates": [-75.55101, -12.85446]}, "properties": {"school_id": "PE0166", "school_name": "Escuela El Progreso 166", "country": "PE", "admin1": "Junin", "admin2": "Junin - Comuna 11", "level": "Secundaria", "sector": "Publico", "enrollment": 242, "urban_rural": "Urbano", "altitude_m": 3440.0, "tmax_avg_c": 19.1, "pet_avg_c": 22.4, "wbgt_avg_c": 17.2, "heat_days_30": 0, "heat_days_35": 0, "tx90p": 8.8, "wsdi": 0, "wellbeing_score": 57.5, "health_index": 80.6}}, {"type": "Feature", "geometry": {"type": "Point", "coordinates": [-79.09465, -6.53898]}, "properties": {"school_id": "PE0167", "school_name": "Escuela Las Flores 167", "country": "PE", "admin1": "Lambayeque", "admin2": "Lambayeque - Comuna 12", "level": "Secundaria", "sector": "Publico", "enrollment": 139, "urban_rural": "Urbano", "altitude_m": 2.9, "tmax_avg_c": 30.8, "pet_avg_c": 33.2, "wbgt_avg_c": 27.6, "heat_days_30": 101, "heat_days_35": 6, "tx90p": 10.8, "wsdi": 40, "wellbeing_score": 62.1, "health_index": 68.8}}, {"type": "Feature", "geometry": {"type": "Point", "coordinates": [-73.15579, -4.01513]}, "properties": {"school_id": "PE0168", "school_name": "Escuela Los Alamos 168", "country": "PE", "admin1": "Loreto", "admin2": "Loreto - Comuna 1", "level": "Primaria", "sector": "Privado", "enrollment": 308, "urban_rural": "Urbano", "altitude_m": 159.2, "tmax_avg_c": 31.8, "pet_avg_c": 34.7, "wbgt_avg_c": 29.8, "heat_days_30": 141, "heat_days_35": 24, "tx90p": 12.7, "wsdi": 39, "wellbeing_score": 60.7, "health_index": 79.0}}, {"type": "Feature", "geometry": {"type": "Point", "coordinates": [-69.97132, -15.83982]}, "properties": {"school_id": "PE0169", "school_name": "Escuela San Martin 169", "country": "PE", "admin1": "Puno", "admin2": "Puno - Comuna 2", "level": "Secundaria", "sector": "Subvencionado", "enrollment": 304, "urban_rural": "Rural", "altitude_m": 3640.5, "tmax_avg_c": 16.7, "pet_avg_c": 20.3, "wbgt_avg_c": 14.8, "heat_days_30": 0, "heat_days_35": 0, "tx90p": 12.7, "wsdi": 0, "wellbeing_score": 52.7, "health_index": 82.3}}, {"type": "Feature", "geometry": {"type": "Point", "coordinates": [-75.28569, -14.21579]}, "properties": {"school_id": "PE0170", "school_name": "Escuela Buenos Aires 170", "country": "PE", "admin1": "Ica", "admin2": "Ica - Comuna 3", "level": "Inicial", "sector": "Publico", "enrollment": 450, "urban_rural": "Urbano", "altitude_m": 351.8, "tmax_avg_c": 25.4, "pet_avg_c": 27.8, "wbgt_avg_c": 21.5, "heat_days_30": 50, "heat_days_35": 6, "tx90p": 5.7, "wsdi": 6, "wellbeing_score": 72.8, "health_index": 84.6}}, {"type": "Feature", "geometry": {"type": "Point", "coordinates": [-77.1374, -11.85137]}, "properties": {"school_id": "PE0171", "school_name": "Escuela Simon Bolivar 171", "country": "PE", "admin1": "Lima", "admin2": "Lima - Comuna 4", "level": "Primaria", "sector": "Privado", "enrollment": 248, "urban_rural": "Urbano", "altitude_m": 109.2, "tmax_avg_c": 23.2, "pet_avg_c": 25.8, "wbgt_avg_c": 21.1, "heat_days_30": 0, "heat_days_35": 0, "tx90p": 10.9, "wsdi": 0, "wellbeing_score": 79.7, "health_index": 72.2}}, {"type": "Feature", "geometry": {"type": "Point", "coordinates": [-71.16728, -16.40987]}, "properties": {"school_id": "PE0172", "school_name": "Escuela Santa Rosa 172", "country": "PE", "admin1": "Arequipa", "admin2": "Arequipa - Comuna 5", "level": "Secundaria", "sector": "Privado", "enrollment": 537, "urban_rural": "Urbano", "altitude_m": 2444.7, "tmax_avg_c": 23.6, "pet_avg_c": 28.0, "wbgt_avg_c": 20.3, "heat_days_30": 1, "heat_days_35": 0, "tx90p": 15.9, "wsdi": 0, "wellbeing_score": 78.5, "health_index": 78.5}}, {"type": "Feature", "geometry": {"type": "Point", "coordinates": [-78.68833, -8.04301]}, "properties": {"school_id": "PE0173", "school_name": "Escuela Los Alamos 173", "country": "PE", "admin1": "La Libertad", "admin2": "La Libertad - Comuna 6", "level": "Primaria", "sector": "Publico", "enrollment": 563, "urban_rural": "Urbano", "altitude_m": 0.0, "tmax_avg_c": 25.0, "pet_avg_c": 27.7, "wbgt_avg_c": 21.6, "heat_days_30": 24, "heat_days_35": 3, "tx90p": 12.2, "wsdi": 8, "wellbeing_score": 56.5, "health_index": 79.6}}, {"type": "Feature", "geometry": {"type": "Point", "coordinates": [-81.07306, -4.84645]}, "properties": {"school_id": "PE0174", "school_name": "Escuela Las Flores 174", "country": "PE", "admin1": "Piura", "admin2": "Piura - Comuna 7", "level": "Secundaria", "sector": "Publico", "enrollment": 205, "urban_rural": "Urbano", "altitude_m": 5.2, "tmax_avg_c": 32.6, "pet_avg_c": 38.0, "wbgt_avg_c": 31.4, "heat_days_30": 110, "heat_days_35": 13, "tx90p": 12.5, "wsdi": 36, "wellbeing_score": 71.6, "health_index": 87.9}}, {"type": "Feature", "geometry": {"type": "Point", "coordinates": [-72.58538, -13.81419]}, "properties": {"school_id": "PE0175", "school_name": "Escuela Jose Marti 175", "country": "PE", "admin1": "Cusco", "admin2": "Cusco - Comuna 8", "level": "Primaria", "sector": "Publico", "enrollment": 505, "urban_rural": "Urbano", "altitude_m": 3272.9, "tmax_avg_c": 22.0, "pet_avg_c": 23.7, "wbgt_avg_c": 18.1, "heat_days_30": 0, "heat_days_35": 0, "tx90p": 14.2, "wsdi": 0, "wellbeing_score": 71.2, "health_index": 79.2}}, {"type": "Feature", "geometry": {"type": "Point", "coordinates": [-75.6587, -12.14256]}, "properties": {"school_id": "PE0176", "school_name": "Escuela Las Flores 176", "country": "PE", "admin1": "Junin", "admin2": "Junin - Comuna 9", "level": "Primaria", "sector": "Subvencionado", "enrollment": 144, "urban_rural": "Rural", "altitude_m": 3257.7, "tmax_avg_c": 17.4, "pet_avg_c": 21.6, "wbgt_avg_c": 14.2, "heat_days_30": 0, "heat_days_35": 0, "tx90p": 4.4, "wsdi": 0, "wellbeing_score": 54.2, "health_index": 85.5}}, {"type": "Feature", "geometry": {"type": "Point", "coordinates": [-78.94407, -6.71179]}, "properties": {"school_id": "PE0177", "school_name": "Escuela San Martin 177", "country": "PE", "admin1": "Lambayeque", "admin2": "Lambayeque - Comuna 10", "level": "Inicial", "sector": "Publico", "enrollment": 154, "urban_rural": "Urbano", "altitude_m": 107.9, "tmax_avg_c": 27.2, "pet_avg_c": 31.6, "wbgt_avg_c": 23.7, "heat_days_30": 53, "heat_days_35": 9, "tx90p": 6.3, "wsdi": 21, "wellbeing_score": 66.6, "health_index": 71.2}}, {"type": "Feature", "geometry": {"type": "Point", "coordinates": [-72.72548, -4.41807]}, "properties": {"school_id": "PE0178", "school_name": "Escuela Nueva Esperanza 178", "country": "PE", "admin1": "Loreto", "admin2": "Loreto - Comuna 11", "level": "Inicial", "sector": "Publico", "enrollment": 253, "urban_rural": "Urbano", "altitude_m": 97.6, "tmax_avg_c": 32.8, "pet_avg_c": 37.7, "wbgt_avg_c": 30.1, "heat_days_30": 132, "heat_days_35": 12, "tx90p": 9.9, "wsdi": 46, "wellbeing_score": 54.2, "health_index": 61.2}}, {"type": "Feature", "geometry": {"type": "Point", "coordinates": [-70.67342, -15.92016]}, "properties": {"school_id": "PE0179", "school_name": "Escuela Simon Bolivar 179", "country": "PE", "admin1": "Puno", "admin2": "Puno - Comuna 12", "level": "Secundaria", "sector": "Publico", "enrollment": 223, "urban_rural": "Rural", "altitude_m": 3860.3, "tmax_avg_c": 17.3, "pet_avg_c": 20.2, "wbgt_avg_c": 13.8, "heat_days_30": 0, "heat_days_35": 0, "tx90p": 8.4, "wsdi": 2, "wellbeing_score": 59.1, "health_index": 97.0}}, {"type": "Feature", "geometry": {"type": "Point", "coordinates": [-76.1138, -13.91193]}, "properties": {"school_id": "PE0180", "school_name": "Escuela El Progreso 180", "country": "PE", "admin1": "Ica", "admin2": "Ica - Comuna 1", "level": "Inicial", "sector": "Privado", "enrollment": 138, "urban_rural": "Urbano", "altitude_m": 362.0, "tmax_avg_c": 28.2, "pet_avg_c": 31.5, "wbgt_avg_c": 25.7, "heat_days_30": 80, "heat_days_35": 8, "tx90p": 10.8, "wsdi": 11, "wellbeing_score": 42.9, "health_index": 77.1}}, {"type": "Feature", "geometry": {"type": "Point", "coordinates": [-76.94571, -12.00454]}, "properties": {"school_id": "PE0181", "school_name": "Escuela El Progreso 181", "country": "PE", "admin1": "Lima", "admin2": "Lima - Comuna 2", "level": "Primaria", "sector": "Publico", "enrollment": 285, "urban_rural": "Rural", "altitude_m": 262.5, "tmax_avg_c": 25.2, "pet_avg_c": 29.3, "wbgt_avg_c": 22.4, "heat_days_30": 20, "heat_days_35": 1, "tx90p": 8.9, "wsdi": 11, "wellbeing_score": 74.2, "health_index": 80.1}}, {"type": "Feature", "geometry": {"type": "Point", "coordinates": [-71.04676, -16.01701]}, "properties": {"school_id": "PE0182", "school_name": "Escuela Las Colinas 182", "country": "PE", "admin1": "Arequipa", "admin2": "Arequipa - Comuna 3", "level": "Secundaria", "sector": "Subvencionado", "enrollment": 188, "urban_rural": "Rural", "altitude_m": 2369.0, "tmax_avg_c": 22.9, "pet_avg_c": 26.8, "wbgt_avg_c": 21.3, "heat_days_30": 0, "heat_days_35": 0, "tx90p": 10.4, "wsdi": 0, "wellbeing_score": 64.2, "health_index": 79.5}}, {"type": "Feature", "geometry": {"type": "Point", "coordinates": [-78.90377, -7.70337]}, "properties": {"school_id": "PE0183", "school_name": "Escuela Buenos Aires 183", "country": "PE", "admin1": "La Libertad", "admin2": "La Libertad - Comuna 4", "level": "Secundaria", "sector": "Publico", "enrollment": 259, "urban_rural": "Urbano", "altitude_m": 0.0, "tmax_avg_c": 27.0, "pet_avg_c": 29.6, "wbgt_avg_c": 24.5, "heat_days_30": 39, "heat_days_35": 11, "tx90p": 5.0, "wsdi": 19, "wellbeing_score": 75.4, "health_index": 72.2}}, {"type": "Feature", "geometry": {"type": "Point", "coordinates": [-80.97021, -5.21079]}, "properties": {"school_id": "PE0184", "school_name": "Escuela San Martin 184", "country": "PE", "admin1": "Piura", "admin2": "Piura - Comuna 5", "level": "Primaria", "sector": "Publico", "enrollment": 653, "urban_rural": "Rural", "altitude_m": 0.0, "tmax_avg_c": 30.0, "pet_avg_c": 32.6, "wbgt_avg_c": 27.5, "heat_days_30": 87, "heat_days_35": 21, "tx90p": 7.3, "wsdi": 23, "wellbeing_score": 69.4, "health_index": 75.5}}, {"type": "Feature", "geometry": {"type": "Point", "coordinates": [-71.9623, -13.71288]}, "properties": {"school_id": "PE0185", "school_name": "Escuela El Progreso 185", "country": "PE", "admin1": "Cusco", "admin2": "Cusco - Comuna 6", "level": "Secundaria", "sector": "Publico", "enrollment": 271, "urban_rural": "Urbano", "altitude_m": 3178.5, "tmax_avg_c": 18.8, "pet_avg_c": 21.8, "wbgt_avg_c": 17.2, "heat_days_30": 0, "heat_days_35": 0, "tx90p": 7.2, "wsdi": 0, "wellbeing_score": 81.6, "health_index": 80.6}}, {"type": "Feature", "geometry": {"type": "Point", "coordinates": [-74.82513, -11.76095]}, "properties": {"school_id": "PE0186", "school_name": "Escuela Simon Bolivar 186", "country": "PE", "admin1": "Junin", "admin2": "Junin - Comuna 7", "level": "Inicial", "sector": "Subvencionado", "enrollment": 352, "urban_rural": "Rural", "altitude_m": 3291.0, "tmax_avg_c": 19.5, "pet_avg_c": 23.6, "wbgt_avg_c": 17.7, "heat_days_30": 0, "heat_days_35": 0, "tx90p": 14.5, "wsdi": 0, "wellbeing_score": 64.0, "health_index": 69.0}}, {"type": "Feature", "geometry": {"type": "Point", "coordinates": [-80.11531, -6.51473]}, "properties": {"school_id": "PE0187", "school_name": "Escuela El Bosque 187", "country": "PE", "admin1": "Lambayeque", "admin2": "Lambayeque - Comuna 8", "level": "Secundaria", "sector": "Publico", "enrollment": 327, "urban_rural": "Urbano", "altitude_m": 0.0, "tmax_avg_c": 30.3, "pet_avg_c": 33.2, "wbgt_avg_c": 29.1, "heat_days_30": 85, "heat_days_35": 17, "tx90p": 12.7, "wsdi": 30, "wellbeing_score": 70.1, "health_index": 71.0}}, {"type": "Feature", "geometry": {"type": "Point", "coordinates": [-73.08214, -3.54835]}, "properties": {"school_id": "PE0188", "school_name": "Escuela Villa del Sol 188", "country": "PE", "admin1": "Loreto", "admin2": "Loreto - Comuna 9", "level": "Inicial", "sector": "Publico", "enrollment": 207, "urban_rural": "Rural", "altitude_m": 33.0, "tmax_avg_c": 34.0, "pet_avg_c": 38.1, "wbgt_avg_c": 31.2, "heat_days_30": 170, "heat_days_35": 47, "tx90p": 3.0, "wsdi": 53, "wellbeing_score": 54.6, "health_index": 61.7}}, {"type": "Feature", "geometry": {"type": "Point", "coordinates": [-69.52707, -15.99763]}, "properties": {"school_id": "PE0189", "school_name": "Escuela El Bosque 189", "country": "PE", "admin1": "Puno", "admin2": "Puno - Comuna 10", "level": "Secundaria", "sector": "Publico", "enrollment": 222, "urban_rural": "Urbano", "altitude_m": 3844.2, "tmax_avg_c": 17.2, "pet_avg_c": 20.1, "wbgt_avg_c": 14.2, "heat_days_30": 0, "heat_days_35": 0, "tx90p": 12.8, "wsdi": 0, "wellbeing_score": 55.3, "health_index": 78.1}}, {"type": "Feature", "geometry": {"type": "Point", "coordinates": [-75.25159, -13.81836]}, "properties": {"school_id": "PE0190", "school_name": "Escuela Villa del Sol 190", "country": "PE", "admin1": "Ica", "admin2": "Ica - Comuna 11", "level": "Primaria", "sector": "Publico", "enrollment": 207, "urban_rural": "Urbano", "altitude_m": 243.3, "tmax_avg_c": 28.4, "pet_avg_c": 33.7, "wbgt_avg_c": 27.3, "heat_days_30": 64, "heat_days_35": 17, "tx90p": 10.2, "wsdi": 8, "wellbeing_score": 54.9, "health_index": 84.9}}, {"type": "Feature", "geometry": {"type": "Point", "coordinates": [-76.78549, -12.02121]}, "properties": {"school_id": "PE0191", "school_name": "Escuela Los Andes 191", "country": "PE", "admin1": "Lima", "admin2": "Lima - Comuna 12", "level": "Primaria", "sector": "Publico", "enrollment": 483, "urban_rural": "Urbano", "altitude_m": 198.2, "tmax_avg_c": 27.4, "pet_avg_c": 32.6, "wbgt_avg_c": 24.7, "heat_days_30": 46, "heat_days_35": 7, "tx90p": 10.5, "wsdi": 21, "wellbeing_score": 61.9, "health_index": 83.0}}, {"type": "Feature", "geometry": {"type": "Point", "coordinates": [-71.74773, -16.35685]}, "properties": {"school_id": "PE0192", "school_name": "Escuela Simon Bolivar 192", "country": "PE", "admin1": "Arequipa", "admin2": "Arequipa - Comuna 1", "level": "Primaria", "sector": "Publico", "enrollment": 413, "urban_rural": "Urbano", "altitude_m": 2250.0, "tmax_avg_c": 22.4, "pet_avg_c": 26.3, "wbgt_avg_c": 18.5, "heat_days_30": 0, "heat_days_35": 0, "tx90p": 8.1, "wsdi": 5, "wellbeing_score": 66.7, "health_index": 73.7}}, {"type": "Feature", "geometry": {"type": "Point", "coordinates": [-78.63946, -8.14484]}, "properties": {"school_id": "PE0193", "school_name": "Escuela Las Colinas 193", "country": "PE", "admin1": "La Libertad", "admin2": "La Libertad - Comuna 2", "level": "Primaria", "sector": "Subvencionado", "enrollment": 290, "urban_rural": "Rural", "altitude_m": 228.7, "tmax_avg_c": 25.4, "pet_avg_c": 27.7, "wbgt_avg_c": 21.8, "heat_days_30": 19, "heat_days_35": 3, "tx90p": 11.0, "wsdi": 2, "wellbeing_score": 48.6, "health_index": 73.6}}, {"type": "Feature", "geometry": {"type": "Point", "coordinates": [-81.00102, -5.08568]}, "properties": {"school_id": "PE0194", "school_name": "Escuela Los Alamos 194", "country": "PE", "admin1": "Piura", "admin2": "Piura - Comuna 3", "level": "Secundaria", "sector": "Publico", "enrollment": 718, "urban_rural": "Urbano", "altitude_m": 138.4, "tmax_avg_c": 33.5, "pet_avg_c": 35.6, "wbgt_avg_c": 31.6, "heat_days_30": 122, "heat_days_35": 25, "tx90p": 11.5, "wsdi": 24, "wellbeing_score": 62.6, "health_index": 74.7}}, {"type": "Feature", "geometry": {"type": "Point", "coordinates": [-71.76592, -13.79624]}, "properties": {"school_id": "PE0195", "school_name": "Escuela El Progreso 195", "country": "PE", "admin1": "Cusco", "admin2": "Cusco - Comuna 4", "level": "Secundaria", "sector": "Subvencionado", "enrollment": 402, "urban_rural": "Urbano", "altitude_m": 3338.1, "tmax_avg_c": 18.0, "pet_avg_c": 22.7, "wbgt_avg_c": 16.2, "heat_days_30": 0, "heat_days_35": 0, "tx90p": 9.9, "wsdi": 0, "wellbeing_score": 77.4, "health_index": 82.4}}, {"type": "Feature", "geometry": {"type": "Point", "coordinates": [-75.15919, -12.27355]}, "properties": {"school_id": "PE0196", "school_name": "Escuela Buenos Aires 196", "country": "PE", "admin1": "Junin", "admin2": "Junin - Comuna 5", "level": "Primaria", "sector": "Publico", "enrollment": 114, "urban_rural": "Urbano", "altitude_m": 3346.5, "tmax_avg_c": 18.1, "pet_avg_c": 20.5, "wbgt_avg_c": 15.2, "heat_days_30": 0, "heat_days_35": 0, "tx90p": 7.7, "wsdi": 0, "wellbeing_score": 52.8, "health_index": 73.9}}, {"type": "Feature", "geometry": {"type": "Point", "coordinates": [-79.6041, -6.72665]}, "properties": {"school_id": "PE0197", "school_name": "Escuela Jose Marti 197", "country": "PE", "admin1": "Lambayeque", "admin2": "Lambayeque - Comuna 6", "level": "Primaria", "sector": "Subvencionado", "enrollment": 193, "urban_rural": "Urbano", "altitude_m": 161.1, "tmax_avg_c": 28.1, "pet_avg_c": 33.0, "wbgt_avg_c": 24.7, "heat_days_30": 54, "heat_days_35": 12, "tx90p": 9.6, "wsdi": 28, "wellbeing_score": 44.3, "health_index": 65.4}}, {"type": "Feature", "geometry": {"type": "Point", "coordinates": [-72.95902, -4.05075]}, "properties": {"school_id": "PE0198", "school_name": "Escuela Santa Rosa 198", "country": "PE", "admin1": "Loreto", "admin2": "Loreto - Comuna 7", "level": "Inicial", "sector": "Publico", "enrollment": 267, "urban_rural": "Urbano", "altitude_m": 81.4, "tmax_avg_c": 31.4, "pet_avg_c": 36.0, "wbgt_avg_c": 29.2, "heat_days_30": 108, "heat_days_35": 23, "tx90p": 13.8, "wsdi": 40, "wellbeing_score": 81.0, "health_index": 75.0}}, {"type": "Feature", "geometry": {"type": "Point", "coordinates": [-69.62468, -16.03246]}, "properties": {"school_id": "PE0199", "school_name": "Escuela Alto del Rio 199", "country": "PE", "admin1": "Puno", "admin2": "Puno - Comuna 8", "level": "Primaria", "sector": "Publico", "enrollment": 312, "urban_rural": "Urbano", "altitude_m": 3880.9, "tmax_avg_c": 16.4, "pet_avg_c": 20.9, "wbgt_avg_c": 15.3, "heat_days_30": 0, "heat_days_35": 0, "tx90p": 11.9, "wsdi": 0, "wellbeing_score": 49.1, "health_index": 93.3}}, {"type": "Feature", "geometry": {"type": "Point", "coordinates": [-75.36237, -14.27565]}, "properties": {"school_id": "PE0200", "school_name": "Escuela Las Flores 200", "country": "PE", "admin1": "Ica", "admin2": "Ica - Comuna 9", "level": "Secundaria", "sector": "Publico", "enrollment": 166, "urban_rural": "Urbano", "altitude_m": 439.2, "tmax_avg_c": 31.2, "pet_avg_c": 33.8, "wbgt_avg_c": 28.9, "heat_days_30": 125, "heat_days_35": 18, "tx90p": 12.3, "wsdi": 31, "wellbeing_score": 62.8, "health_index": 74.7}}]}